lot_number,artist,title,estimate_low,estimate_high,estimate_currency,sold_price,sold_currency,is_sold,is_closed,reserve_met,withdrawn_state,description,description_en,medium,dimensions,year_created,provenance,literature,exhibited,catalogue_note,auction_name,auction_detail,auction_category,sale_number,auction_id,lot_id,lot_url,auction_url,image_url
11,Jim Thorell,Ice Age 2,,,,,,,True,,,"Jim Thorell
Ice Age 2
signed and dated 2015 on the reverse
acrylic on canvas
47 1/4 by 35 1/2 in. 120 by 90.2 cm.","Jim Thorell
Ice Age 2
signed and dated 2015 on the reverse
acrylic on canvas
47 1/4 by 35 1/2 in. 120 by 90.2 cm.",acrylic on canvas,47 1/4 by 35 1/2 in. 120 by 90.2 cm.,2015,,,,,Jim Thorell: 7 Paintings,25 June–5 August 2015 | New York,S|2,N09375,N09375,N09375-lot11,https://www.sothebys.com/en/auctions/ecatalogue/2015/jim-thorell-7-paintings-n09375/lot.11.html,https://www.sothebys.com/en/auctions/2015/jim-thorell-7-paintings-n09375.html,https://sothebys-com.brightspotcdn.com/dims4/default/947059f/2147483647/strip/true/crop/1503x2000+0+0/resize/425x566!/quality/90/?url=http%3A%2F%2Fsothebys-brightspot-migration.s3.amazonaws.com%2F44%2F09%2F2a%2F499b18424df9da2ff63ddac15aba5759085f2fb82f24341015afb99fe9%2F008n09375-8drt9.jpg
10,Jim Thorell,Amped Underbrush,,,,,,,True,,,"Jim Thorell
Amped Underbrush
signed and dated 2015 on the reverse
acrylic on canvas
47 1/4 by 35 1/2 in. 120 by 90.2 cm.","Jim Thorell
Amped Underbrush
signed and dated 2015 on the reverse
acrylic on canvas
47 1/4 by 35 1/2 in. 120 by 90.2 cm.",acrylic on canvas,47 1/4 by 35 1/2 in. 120 by 90.2 cm.,2015,,,,,Jim Thorell: 7 Paintings,25 June–5 August 2015 | New York,S|2,N09375,N09375,N09375-lot10,https://www.sothebys.com/en/auctions/ecatalogue/2015/jim-thorell-7-paintings-n09375/lot.10.html,https://www.sothebys.com/en/auctions/2015/jim-thorell-7-paintings-n09375.html,https://sothebys-com.brightspotcdn.com/dims4/default/e483845/2147483647/strip/true/crop/1493x2000+0+0/resize/423x566!/quality/90/?url=http%3A%2F%2Fsothebys-brightspot-migration.s3.amazonaws.com%2F26%2F7d%2Ff2%2Fc0e7e9bf63449717d50cfbbb0867ba11707c84f564f13d997f1b3abda9%2F006n09375-8drtb.jpg
9,Jim Thorell,Ice Age 1,,,,,,,True,,,"Jim Thorell
Ice Age 1
signed and dated 2015 on the reverse
acrylic on canvas
47 1/4 by 35 1/2 in. 120 by 90.2 cm.","Jim Thorell
Ice Age 1
signed and dated 2015 on the reverse
acrylic on canvas
47 1/4 by 35 1/2 in. 120 by 90.2 cm.",acrylic on canvas,47 1/4 by 35 1/2 in. 120 by 90.2 cm.,2015,,,,,Jim Thorell: 7 Paintings,25 June–5 August 2015 | New York,S|2,N09375,N09375,N09375-lot9,https://www.sothebys.com/en/auctions/ecatalogue/2015/jim-thorell-7-paintings-n09375/lot.9.html,https://www.sothebys.com/en/auctions/2015/jim-thorell-7-paintings-n09375.html,https://sothebys-com.brightspotcdn.com/dims4/default/47d1357/2147483647/strip/true/crop/1488x2000+0+0/resize/421x566!/quality/90/?url=http%3A%2F%2Fsothebys-brightspot-migration.s3.amazonaws.com%2F95%2F59%2Fae%2F65bfc93c9464d5121437f18d33c8dca6b4cf1ceca5e69b913ce32e5b50%2F009n09375-8drt8.jpg
8,Jim Thorell,King Coconut Crab Salad,,,,,,,True,,,"Jim Thorell
King Coconut Crab Salad
signed and dated 2015 on the reverse
acrylic on canvas
47 1/4 by 35 1/2 in. 120 by 90.2 cm.","Jim Thorell
King Coconut Crab Salad
signed and dated 2015 on the reverse
acrylic on canvas
47 1/4 by 35 1/2 in. 120 by 90.2 cm.",acrylic on canvas,47 1/4 by 35 1/2 in. 120 by 90.2 cm.,2015,,,,,Jim Thorell: 7 Paintings,25 June–5 August 2015 | New York,S|2,N09375,N09375,N09375-lot8,https://www.sothebys.com/en/auctions/ecatalogue/2015/jim-thorell-7-paintings-n09375/lot.8.html,https://www.sothebys.com/en/auctions/2015/jim-thorell-7-paintings-n09375.html,https://sothebys-com.brightspotcdn.com/dims4/default/6c201a6/2147483647/strip/true/crop/1484x2000+0+0/resize/420x566!/quality/90/?url=http%3A%2F%2Fsothebys-brightspot-migration.s3.amazonaws.com%2Fad%2Fec%2Fba%2F058202aeb439ee62d8ba92fd9ad38e9173d1ca42353bbabe576bc5664c%2F007n09375-8drt7.jpg
7,Jim Thorell,Seagulls Fighting,,,,,,,True,,,"Jim Thorell
Seagulls Fighting
signed and dated 2015 on the reverse
acrylic on canvas
76 1/2 by 55 in. 194.3 by 139.7 cm.","Jim Thorell
Seagulls Fighting
signed and dated 2015 on the reverse
acrylic on canvas
76 1/2 by 55 in. 194.3 by 139.7 cm.",acrylic on canvas,76 1/2 by 55 in. 194.3 by 139.7 cm.,2015,,,,,Jim Thorell: 7 Paintings,25 June–5 August 2015 | New York,S|2,N09375,N09375,N09375-lot7,https://www.sothebys.com/en/auctions/ecatalogue/2015/jim-thorell-7-paintings-n09375/lot.7.html,https://www.sothebys.com/en/auctions/2015/jim-thorell-7-paintings-n09375.html,https://sothebys-com.brightspotcdn.com/dims4/default/6355d79/2147483647/strip/true/crop/1433x2000+0+0/resize/406x566!/quality/90/?url=http%3A%2F%2Fsothebys-brightspot-migration.s3.amazonaws.com%2Fcd%2F23%2Fa9%2F4fef22b8eb463fc2fa9b1a74eb46fd9c58fc5e06e32ce25cc2f5d25c87%2F015n09375-8drt6.jpg
6,Jim Thorell,Fish Tanks,,,,,,,True,,,"Jim Thorell
Fish Tanks
signed and dated 2015 on the reverse
acrylic on canvas
76 1/2 by 55 in. 194.3 by 139.7 cm.","Jim Thorell
Fish Tanks
signed and dated 2015 on the reverse
acrylic on canvas
76 1/2 by 55 in. 194.3 by 139.7 cm.",acrylic on canvas,76 1/2 by 55 in. 194.3 by 139.7 cm.,2015,,,,,Jim Thorell: 7 Paintings,25 June–5 August 2015 | New York,S|2,N09375,N09375,N09375-lot6,https://www.sothebys.com/en/auctions/ecatalogue/2015/jim-thorell-7-paintings-n09375/lot.6.html,https://www.sothebys.com/en/auctions/2015/jim-thorell-7-paintings-n09375.html,https://sothebys-com.brightspotcdn.com/dims4/default/a2cb917/2147483647/strip/true/crop/1440x2000+0+0/resize/408x566!/quality/90/?url=http%3A%2F%2Fsothebys-brightspot-migration.s3.amazonaws.com%2F1a%2Fc6%2F5e%2Fc2bd42862acbec04c2f40853e6ee9c59e1105f7b0931aed0c0ea51551b%2F010n09375-8drt5.jpg
5,Jim Thorell,Crashing in the Chili Brush,,,,,,,True,,,"Jim Thorell
Crashing in the Chili Brush
signed and dated 2015 on the reverse
acrylic on canvas
76 1/2 by 55 in. 194.3 by 139.7 cm.","Jim Thorell
Crashing in the Chili Brush
signed and dated 2015 on the reverse
acrylic on canvas
76 1/2 by 55 in. 194.3 by 139.7 cm.",acrylic on canvas,76 1/2 by 55 in. 194.3 by 139.7 cm.,2015,,,,,Jim Thorell: 7 Paintings,25 June–5 August 2015 | New York,S|2,N09375,N09375,N09375-lot5,https://www.sothebys.com/en/auctions/ecatalogue/2015/jim-thorell-7-paintings-n09375/lot.5.html,https://www.sothebys.com/en/auctions/2015/jim-thorell-7-paintings-n09375.html,https://sothebys-com.brightspotcdn.com/dims4/default/8543363/2147483647/strip/true/crop/1435x2000+0+0/resize/406x566!/quality/90/?url=http%3A%2F%2Fsothebys-brightspot-migration.s3.amazonaws.com%2Ff7%2Ff1%2F29%2F7db9d3cda7b279017e465b5b1278df3b834f7fd12cdea2dd9f04b7f9c3%2F011n09375-8drt4.jpg
4,Jim Thorell,Blue Chanterelle,,,,,,,True,,,"Jim Thorell
Blue Chanterelle
signed and dated 2015 on the reverse
acrylic on canvas
76 1/2 by 55 in. 194.3 by 139.7 cm.","Jim Thorell
Blue Chanterelle
signed and dated 2015 on the reverse
acrylic on canvas
76 1/2 by 55 in. 194.3 by 139.7 cm.",acrylic on canvas,76 1/2 by 55 in. 194.3 by 139.7 cm.,2015,,,,,Jim Thorell: 7 Paintings,25 June–5 August 2015 | New York,S|2,N09375,N09375,N09375-lot4,https://www.sothebys.com/en/auctions/ecatalogue/2015/jim-thorell-7-paintings-n09375/lot.4.html,https://www.sothebys.com/en/auctions/2015/jim-thorell-7-paintings-n09375.html,https://sothebys-com.brightspotcdn.com/dims4/default/3c03c31/2147483647/strip/true/crop/1428x2000+0+0/resize/404x566!/quality/90/?url=http%3A%2F%2Fsothebys-brightspot-migration.s3.amazonaws.com%2F30%2Fa8%2F2d%2F55dee75794f3296e68bcaccc3506edbe47a79bdbb667946847a6571d9a%2F014n09375-8drt3.jpg
3,Jim Thorell,Xanax Reef,,,,,,,True,,,"Jim Thorell
Xanax Reef
signed and dated 2015 on the overlap
acrylic on canvas
82 1/2 by 59 in. 209.6 by 149.9 cm.","Jim Thorell
Xanax Reef
signed and dated 2015 on the overlap
acrylic on canvas
82 1/2 by 59 in. 209.6 by 149.9 cm.",acrylic on canvas,82 1/2 by 59 in. 209.6 by 149.9 cm.,2015,,,,,Jim Thorell: 7 Paintings,25 June–5 August 2015 | New York,S|2,N09375,N09375,N09375-lot3,https://www.sothebys.com/en/auctions/ecatalogue/2015/jim-thorell-7-paintings-n09375/lot.3.html,https://www.sothebys.com/en/auctions/2015/jim-thorell-7-paintings-n09375.html,https://sothebys-com.brightspotcdn.com/dims4/default/cedc76a/2147483647/strip/true/crop/1429x2000+0+0/resize/404x566!/quality/90/?url=http%3A%2F%2Fsothebys-brightspot-migration.s3.amazonaws.com%2F98%2F1d%2F8d%2F14b41c7b53d1a9dd96b9f99323c29b2e0519419aa6d0507c46a70e874b%2F013n09375-8drt2.jpg
2,Jim Thorell,Snowy Meadow,,,,,,,True,,,"Jim Thorell
Snowy Meadow
signed and dated 2015 on the overlap
acrylic on canvas
82 1/2 by 59 in. 209.6 by 149.9 cm.","Jim Thorell
Snowy Meadow
signed and dated 2015 on the overlap
acrylic on canvas
82 1/2 by 59 in. 209.6 by 149.9 cm.",acrylic on canvas,82 1/2 by 59 in. 209.6 by 149.9 cm.,2015,,,,,Jim Thorell: 7 Paintings,25 June–5 August 2015 | New York,S|2,N09375,N09375,N09375-lot2,https://www.sothebys.com/en/auctions/ecatalogue/2015/jim-thorell-7-paintings-n09375/lot.2.html,https://www.sothebys.com/en/auctions/2015/jim-thorell-7-paintings-n09375.html,https://sothebys-com.brightspotcdn.com/dims4/default/25fa788/2147483647/strip/true/crop/1421x2000+0+0/resize/402x566!/quality/90/?url=http%3A%2F%2Fsothebys-brightspot-migration.s3.amazonaws.com%2F92%2F0c%2F5a%2F5899e9ce1aa4ca93d1826d488f18f641275866ced312b77bebd87bcebb%2F012n09375-8drsz.jpg
1,Jim Thorell,Freak Farm,,,,,,,True,,,"Jim Thorell
Freak Farm
signed and dated 2015 on the reverse
acrylic on canvas
82 1/2 by 59 in. 209.6 by 149.9 cm.","Jim Thorell
Freak Farm
signed and dated 2015 on the reverse
acrylic on canvas
82 1/2 by 59 in. 209.6 by 149.9 cm.",acrylic on canvas,82 1/2 by 59 in. 209.6 by 149.9 cm.,2015,,,,,Jim Thorell: 7 Paintings,25 June–5 August 2015 | New York,S|2,N09375,N09375,N09375-lot1,https://www.sothebys.com/en/auctions/ecatalogue/2015/jim-thorell-7-paintings-n09375/lot.1.html,https://www.sothebys.com/en/auctions/2015/jim-thorell-7-paintings-n09375.html,https://sothebys-com.brightspotcdn.com/dims4/default/edcbdd7/2147483647/strip/true/crop/1408x2000+0+0/resize/398x566!/quality/90/?url=http%3A%2F%2Fsothebys-brightspot-migration.s3.amazonaws.com%2Fc5%2Fd2%2F18%2Fa37533629785cf59b46aeb1e5a125a6cb488828708eded9a9ef4e72741%2F016n09375-8drsy.jpg
