auction_name,auction_detail,auction_category,auction_url,lot_number,artist,title,year_created,medium,dimensions,estimate_low,estimate_high,estimate_currency,is_closed,reserve_met,lot_status,is_sold,sold_price,sold_currency,withdrawn_state,lot_id,auction_id,sale_number,lot_url,image_url,description,description_en,provenance,literature,exhibited,catalogue_note
Contemporary Day Auction,29 September–5 October 2026 | 3:00 PM HKT | Hong Kong,Past Auction,https://www.sothebys.com/en/buy/auction/2026/contemporary-day-auction-4,354,Zhou Chunya 周春芽,Taihu Stone and Flowers 太湖石與花,2015,oil on canvas,200 by 150 cm.,1500000,2500000,HKD,True,True,,True,3328000,HKD,NotAffected,4483fa82-e46c-4db4-a22d-c9ccce25d23c,afe61744-be7b-4c51-ab4a-d0c71e248f52,HK1748,https://www.sothebys.com/en/buy/auction/2026/contemporary-day-auction-4/zhou-chunya-zhou-chun-ya-taihu-stone-and-flowers,https://sothebys-md.brightspotcdn.com/dims4/default/8e82a6b/2147483647/strip/true/crop/6021x8037+0+0/resize/1024x1367!/quality/90/?url=http%3A%2F%2Fsothebys-brightspot.s3.amazonaws.com%2Fmedia-desk%2F9d%2F45%2F9b964aae4fa59e54d93f8d815cba%2Fhk1748-dq75k-t2-01-a.jpg,"Zhou Chunya
b. 1955

Taihu Stone and Flowers
signed and dated in Chinese (lower right)
oil on canvas
200 by 150 cm.
78¾ by 59 in.
Executed in 2015.

----------------------------------------------

周春芽
1955年生

太湖石與花
款識
周春芽，二〇一五（右下）
油畫畫布
200 x 150 公分
78¾ x 59 英寸
2015年作","Zhou Chunya
b. 1955

Taihu Stone and Flowers
signed and dated in Chinese (lower right)
oil on canvas
200 by 150 cm.
78¾ by 59 in.
Executed in 2015.","Private Collection, Asia
Poly Auction, Hong Kong, 31 March 2019, Lot 148
Acquired from the above by the present owner
----------------------------------------------
亞洲，私人收藏
香港，保利拍賣，2019年3月31日，拍品編號148
現藏者購自上述來源",,"Macau, Handover Gifts Museum of Macao,
Zhou Chunya – New Works 2015, October 2015 – January 2016
----------------------------------------------
澳門，澳門回歸賀禮陳列館，「周春芽 — 2015新作展」，2015年10月至2016年1月",
Contemporary Day Auction,29 September–5 October 2026 | 3:00 PM HKT | Hong Kong,Past Auction,https://www.sothebys.com/en/buy/auction/2026/contemporary-day-auction-4,351,Amoako Boafo 阿莫阿科・博阿佛,Blue Pullover 藍色套頭衫,2018,oil on canvas laid down on backing board,158.5 by 142 cm.,800000,1200000,HKD,True,True,,True,1088000,HKD,NotAffected,ecce5833-a7a7-47ed-968a-416d6791f405,afe61744-be7b-4c51-ab4a-d0c71e248f52,HK1748,https://www.sothebys.com/en/buy/auction/2026/contemporary-day-auction-4/amoako-boafo-a-mo-a-kebo-a-fu-blue-pullover-lan-se,https://sothebys-md.brightspotcdn.com/dims4/default/a202a32/2147483647/strip/true/crop/1740x2000+0+0/resize/1024x1177!/quality/90/?url=http%3A%2F%2Fsothebys-brightspot.s3.amazonaws.com%2Fmedia-desk%2Fwebnative%2Fimages%2Fb6%2F3e%2F8ea512ec4e80aaa080f4420144ad%2Fhk1748-ddzdl-bi-t2-01-crop.jpg,"Amoako Boafo
b. 1984

Blue Pullover
signed and dated 2018 (center right)
oil on canvas laid down on backing board
158.5 by 142 cm.
62⅜ by 55⅞ in.
Executed in 2018.

----------------------------------------------

阿莫阿科・博阿佛
1984年生

藍色套頭衫
款識
AMOAKO BOAFO，2018，KING（中間右側）
油畫畫布裱於背板
158.5 x 142 公分
62⅜ x 55⅞ 英寸
2018年作","Amoako Boafo
b. 1984

Blue Pullover
signed and dated 2018 (center right)
oil on canvas laid down on backing board
158.5 by 142 cm.
62⅜ by 55⅞ in.
Executed in 2018.","Roberts Projects, Los Angeles
Private Collection
Christie's, New York, 11 May 2021, Lot 3A
Acquired from the above by the present owner
----------------------------------------------
洛杉磯，Roberts Projects
私人收藏
紐約，佳士得，2021年5月11日，拍品編號 3A
現藏家購自上述來源","L. Birmingham, 'Roberts Projects: Amoako Boafo,'
Artillery Magazine, 22 January 2019, https://artillerymag.com/roberts-projects-amoako-boafo/, illustrated in colour
----------------------------------------------
L. Birmingham撰，〈Roberts Projects：Amoako Boafo〉，Artillery Magazine，2019年1月22日，擷取自https://artillerymag.com/roberts-projects-amoako-boafo/，載彩圖","Los Angeles, Roberts Projects,
Amoako Boafo: I See Me, January-February 2019, p. 20, illustrated
----------------------------------------------
洛杉磯，Roberts Projects，〈Amoako Boafo: I See Me〉，2019年1月至2月，第20頁，載圖",
Contemporary Day Auction,29 September–5 October 2026 | 3:00 PM HKT | Hong Kong,Past Auction,https://www.sothebys.com/en/buy/auction/2026/contemporary-day-auction-4,350,María Berrío 瑪莉亞・貝利奧,Between The Orchids and The Wheat 蘭花與小麥之間,2020,collage with Japanese paper and watercolour paint on canvas,213 by 267 cm.,1800000,2500000,HKD,True,True,,True,358400,HKD,NotAffected,d0c94154-bf67-454a-b09a-e077b8c3d69f,afe61744-be7b-4c51-ab4a-d0c71e248f52,HK1748,https://www.sothebys.com/en/buy/auction/2026/contemporary-day-auction-4/maria-berrio-ma-li-yabei-li-ao-between-the-orchids,https://sothebys-md.brightspotcdn.com/dims4/default/782c38b/2147483647/strip/true/crop/2000x1622+0+0/resize/1024x830!/quality/90/?url=http%3A%2F%2Fsothebys-brightspot.s3.amazonaws.com%2Fmedia-desk%2Fwebnative%2Fimages%2F6a%2Fc5%2F5de330f24b0d897af1e0a80ae3cc%2Fhk1748-c2lgb-bi-t2-01-cropped.jpg,"María Berrío
b. 1982

Between The Orchids and The Wheat
signed and dated 2020 (on the reverse)
collage with Japanese paper and watercolour paint on canvas
213 by 267 cm.
83⅞ by 105⅛ in.
Executed in 2020.

----------------------------------------------

瑪莉亞・貝利奧
1982年生

蘭花與小麥之間
款識
藝術家簽名，2020（作品背面）
和紙拼貼、水彩及炭筆於畫布
213 x 267 公分
83⅞ x 105⅛ 英寸
2020年作","María Berrío
b. 1982

Between The Orchids and The Wheat
signed and dated 2020 (on the reverse)
collage with Japanese paper and watercolour paint on canvas
213 by 267 cm.
83⅞ by 105⅛ in.
Executed in 2020.","Victoria Miro, New York
Acquired from the above by the present owner in 2021
----------------------------------------------
紐約，Victoria Miro 畫廊
現藏者於2021年購自上述來源",,"Florida, West Palm Beach, Norton Museum of Art, María Berrío: Esperando mientras la noche florece (Waiting for the Night to Bloom), January - May 2021
----------------------------------------------
佛羅裡達，西棕櫚灘，諾頓藝術博物館，「María Berrío: Esperando mientras la noche florece (Waiting for the Night to Bloom)」，2021年1月至5月",
Contemporary Day Auction,29 September–5 October 2026 | 3:00 PM HKT | Hong Kong,Past Auction,https://www.sothebys.com/en/buy/auction/2026/contemporary-day-auction-4,349,Chantal Joffe 香塔爾 · 約菲,Untitled 無題,,,,240000,450000,HKD,True,False,,False,281600,HKD,NotAffected,18859575-d3ac-4011-af12-a926312e12ae,afe61744-be7b-4c51-ab4a-d0c71e248f52,HK1748,https://www.sothebys.com/en/buy/auction/2026/contemporary-day-auction-4/chantal-joffe-xiang-ta-er-yue-fei-untitled-wu-ti,https://sothebys-md.brightspotcdn.com/dims4/default/85326a2/2147483647/strip/true/crop/1501x2000+0+0/resize/1024x1364!/quality/90/?url=http%3A%2F%2Fsothebys-brightspot.s3.amazonaws.com%2Fmedia-desk%2Fwebnative%2Fimages%2F23%2F57%2Fca13bdc14b90bbfa0a98d7f3d640%2Fhk1748-dj9h2-t3-01.jpg,,,,,,
Contemporary Day Auction,29 September–5 October 2026 | 3:00 PM HKT | Hong Kong,Past Auction,https://www.sothebys.com/en/buy/auction/2026/contemporary-day-auction-4,348,Raghav Babbar 拉哈夫 · 巴巴爾,Arrival of Spring 春天的到來,2023,oil on canvas,101.6 by 152.4 cm.,600000,1000000,HKD,True,False,,False,486400,HKD,NotAffected,bd8a2d2f-8b22-402d-bd53-1fd137ecf412,afe61744-be7b-4c51-ab4a-d0c71e248f52,HK1748,https://www.sothebys.com/en/buy/auction/2026/contemporary-day-auction-4/raghav-babbar-la-ha-fu-ba-ba-er-arrival-of-spring,https://sothebys-md.brightspotcdn.com/dims4/default/fd4c6be/2147483647/strip/true/crop/2000x1331+0+0/resize/1024x681!/quality/90/?url=http%3A%2F%2Fsothebys-brightspot.s3.amazonaws.com%2Fmedia-desk%2Fwebnative%2Fimages%2F4e%2F9f%2Fae8ae2da443bbe02effb956a0dd9%2Fhk1748-dpzjx-cs-01.jpg,"Raghav Babbar
b. 1997

Arrival of Spring
signed (on the reverse)
oil on canvas
101.6 by 152.4 cm.
40 by 60 in.
Executed in 2023.

----------------------------------------------

拉哈夫 · 巴巴爾
1997年生

春天的到來
款識
BABBAR（作品背面）
油畫畫布
101.6 by 152.4 公分
40 by 60 英寸
2023年作","Raghav Babbar
b. 1997

Arrival of Spring
signed (on the reverse)
oil on canvas
101.6 by 152.4 cm.
40 by 60 in.
Executed in 2023.","Waterhouse & Dodd Fine Art, London
Acquired from the above by the present owner
----------------------------------------------
倫敦，Waterhouse & Dodd 畫廊
現藏者購自上述來源",,,
Contemporary Day Auction,29 September–5 October 2026 | 3:00 PM HKT | Hong Kong,Past Auction,https://www.sothebys.com/en/buy/auction/2026/contemporary-day-auction-4,346,Blair Whiteford 布萊爾 · 懷特福德,Sowers and Field 播種者與田野,,,,150000,200000,HKD,True,True,,True,128000,HKD,NotAffected,b16a94e8-065a-4c54-93ed-17f1da28e625,afe61744-be7b-4c51-ab4a-d0c71e248f52,HK1748,https://www.sothebys.com/en/buy/auction/2026/contemporary-day-auction-4/blair-whiteford-bu-lai-er-huai-te-fu-de-sowers-and,https://sothebys-md.brightspotcdn.com/dims4/default/adced8d/2147483647/strip/true/crop/2000x1306+0+0/resize/1024x669!/quality/90/?url=http%3A%2F%2Fsothebys-brightspot.s3.amazonaws.com%2Fmedia-desk%2Fwebnative%2Fimages%2F33%2F86%2Ff177cf49400295875e57bc120cbf%2Fhk1748-dll89-t3-01.jpg,,,,,,
Contemporary Day Auction,29 September–5 October 2026 | 3:00 PM HKT | Hong Kong,Past Auction,https://www.sothebys.com/en/buy/auction/2026/contemporary-day-auction-4,345,Robert Zehnder 羅伯特 · 曾德爾,Broken Saddle 壞座位,2023,oil on canvas laid on panel,101.8 by 81.3 cm.,120000,180000,HKD,True,True,,True,153600,HKD,NotAffected,154e1c22-40e1-4629-a3af-f28d01107a22,afe61744-be7b-4c51-ab4a-d0c71e248f52,HK1748,https://www.sothebys.com/en/buy/auction/2026/contemporary-day-auction-4/robert-zehnder-luo-bo-te-ceng-de-er-broken-saddle,https://sothebys-md.brightspotcdn.com/dims4/default/857e5e3/2147483647/strip/true/crop/4943x6174+0+0/resize/1024x1279!/quality/90/?url=http%3A%2F%2Fsothebys-brightspot.s3.amazonaws.com%2Fmedia-desk%2F49%2F85%2F6a15a61e431ead077825a7b18759%2Fhk1748-dlglw-t3-01.jpg,"Robert Zehnder
b. 1992

Broken Saddle
signed and dated 2023 (on the reverse)
oil on canvas laid on panel
101.8 by 81.3 cm.
40⅛ by 32 in.
Executed in 2023.

----------------------------------------------

羅伯特 · 曾德爾
1992年生

壞座位
款識
RJZ，2023（作品背面）
油畫畫布裱於木板
101.8 x 81.3 公分
40⅛ x 32 英寸
2023年作","Robert Zehnder
b. 1992

Broken Saddle
signed and dated 2023 (on the reverse)
oil on canvas laid on panel
101.8 by 81.3 cm.
40⅛ by 32 in.
Executed in 2023.","C L E A R I N G, Los Angeles
Private Collection
Acquired from the above by the present owner
----------------------------------------------
洛杉磯，C L E A R I N G 畫廊
私人收藏
現藏者購自上述來源",,"Los Angeles, C L E A R I N G, Agony in the Garden, June - July 2023
----------------------------------------------
洛杉磯，C L E A R I N G 畫廊，〈Agony in the Garden〉，2023年6月至7月",
Contemporary Day Auction,29 September–5 October 2026 | 3:00 PM HKT | Hong Kong,Past Auction,https://www.sothebys.com/en/buy/auction/2026/contemporary-day-auction-4,343,Ayako Rokkaku 六角彩子,Untitled 無題,2020,acrylic on canvas,130.4 by 162.2 cm.,1000000,2000000,HKD,True,True,,True,2432000,HKD,NotAffected,98fcc870-24d8-4ce7-b31e-dddb3924081b,afe61744-be7b-4c51-ab4a-d0c71e248f52,HK1748,https://www.sothebys.com/en/buy/auction/2026/contemporary-day-auction-4/ayako-rokkaku-liu-jiao-cai-zi-untitled-wu-ti,https://sothebys-md.brightspotcdn.com/dims4/default/f71da9c/2147483647/strip/true/crop/2000x1609+0+0/resize/1024x824!/quality/90/?url=http%3A%2F%2Fsothebys-brightspot.s3.amazonaws.com%2Fmedia-desk%2Fwebnative%2Fimages%2F04%2Fc2%2F2e9d2c6441c58e3896640b0670b6%2Fhk1748-dndv3-t2-01-v2.jpg,"Ayako Rokkaku
b. 1982

Untitled
signed in Japanese and dated 2020 (on the reverse)
acrylic on canvas
130.4 by 162.2 cm.
51⅜ by 63⅞ in.
Executed in 2020.

----------------------------------------------

六角彩子
1982年生

無題
款識
藝術家簽名，2020（作品背面）
壓克力畫布
130.4 x 162.2 公分
51⅜ x 63⅞ 英寸
2020 年作","Ayako Rokkaku
b. 1982

Untitled
signed in Japanese and dated 2020 (on the reverse)
acrylic on canvas
130.4 by 162.2 cm.
51⅜ by 63⅞ in.
Executed in 2020.","Gallery Target, Tokyo
Acquired from the above by the present owner
----------------------------------------
東京，Target畫廊
現藏者購自上述來源",,,
Contemporary Day Auction,29 September–5 October 2026 | 3:00 PM HKT | Hong Kong,Past Auction,https://www.sothebys.com/en/buy/auction/2026/contemporary-day-auction-4,342,Yayoi Kusama 草間彌生,Self-Obliteration 自己消滅,1980,"mixed media (wood, foam, leatherette, ceramic, glass, wicker, clay, plastic and acrylic paint)",overall table: 113.5 by 76 by 120 cm.  44¾ by 29⅞ by 47¼ in.,2500000,3500000,HKD,True,False,,True,2304000,HKD,NotAffected,40f9a92a-e333-4105-9018-f024b9d38884,afe61744-be7b-4c51-ab4a-d0c71e248f52,HK1748,https://www.sothebys.com/en/buy/auction/2026/contemporary-day-auction-4/yayoi-kusama-cao-jian-mi-sheng-self-obliteration,https://sothebys-md.brightspotcdn.com/dims4/default/e54c509/2147483647/strip/true/crop/2000x1499+0+0/resize/1024x767!/quality/90/?url=http%3A%2F%2Fsothebys-brightspot.s3.amazonaws.com%2Fmedia-desk%2Fwebnative%2Fimages%2F8d%2F48%2F4d8198dd462fbec80e7e206d0538%2Fhk1748-9m5f5-bi-t1-01.jpg,"Yayoi Kusama
1929 - 2026

Self-Obliteration
mixed media (wood, foam, leatherette, ceramic, glass, wicker, clay, plastic and acrylic paint)
signed in English, titled in Japanese and dated 1980 (at the underside of the table and 2 chairs)
overall table: 113.5 by 76 by 120 cm.  44¾ by 29⅞ by 47¼ in.
chair (each): 103.2 by 42.4 by 53.3 cm.  40⅝ by 16¾ by 21 in.
bag: 46 by 48 by 16.4 cm.  18⅛ by 18⅞ by 6½ in.
Executed in 1980.

This work is accompanied by a registration card issued by YAYOI KUSAMA Inc.

----------------------------------------------

草間彌生
1929 - 2026年

自己消滅
複合媒材（木、 泡沫、人造皮革、陶瓷、玻璃、柳條、粘土、塑料及壓克力顔料）
款識
1980，自己消滅，YAYOI KUSAMA（桌子底部及各椅子）
桌子： 113.5 x 76 x 120 公分，44¾ x 29⅞ x 47¼ 英寸
各椅子：103.2 x 42.4 x 53.3 公分，40⅝ x 16¾ x 21 英寸
手包：46 x 48 x 16.4 公分，18⅛ x 18⅞ x 6½ 英寸
1980年作

附：由株式會社草間彌生簽發之藝術品註冊卡。","Yayoi Kusama
1929 - 2026

Self-Obliteration
mixed media (wood, foam, leatherette, ceramic, glass, wicker, clay, plastic and acrylic paint)
signed in English, titled in Japanese and dated 1980 (at the underside of the table and 2 chairs)
overall table: 113.5 by 76 by 120 cm.  44¾ by 29⅞ by 47¼ in.
chair (each): 103.2 by 42.4 by 53.3 cm.  40⅝ by 16¾ by 21 in.
bag: 46 by 48 by 16.4 cm.  18⅛ by 18⅞ by 6½ in.
Executed in 1980.

This work is accompanied by a registration card issued by YAYOI KUSAMA Inc.","Victoria Miro Gallery, London
Acquired from the above by the present owner
----------------------------------------------
倫敦，Victoria Miro 畫廊
現藏者購自上述來源",,,
Contemporary Day Auction,29 September–5 October 2026 | 3:00 PM HKT | Hong Kong,Past Auction,https://www.sothebys.com/en/buy/auction/2026/contemporary-day-auction-4,341,Yoshitomo Nara 奈良美智,Untitled 無題,2008,pencil on paper,65.1 by 50.1 cm.,900000,1500000,HKD,True,False,,False,960000,HKD,NotAffected,3dd71646-cbd2-4dcc-a81a-65cdf70b37d5,afe61744-be7b-4c51-ab4a-d0c71e248f52,HK1748,https://www.sothebys.com/en/buy/auction/2026/contemporary-day-auction-4/yoshitomo-nara-nai-liang-mei-zhi-untitled-wu-ti,https://sothebys-md.brightspotcdn.com/dims4/default/9ab7af8/2147483647/strip/true/crop/1551x2000+0+0/resize/1024x1320!/quality/90/?url=http%3A%2F%2Fsothebys-brightspot.s3.amazonaws.com%2Fmedia-desk%2Fwebnative%2Fimages%2Fec%2Fc4%2Fbca11c06447aa2e555b4a2c5cf0d%2Fhk1748-dnwm5-t2-01.jpg,"Yoshitomo Nara
b. 1959

Untitled
pencil on paper
65.1 by 50.1 cm.
25⅝ by 19¾ in.
Executed in 2008.

----------------------------------------------

奈良美智
1959年生

無題
鉛筆紙本
65.1 x 50.1 公分
25⅝ x 19¾ 英寸
2008年作","Yoshitomo Nara
b. 1959

Untitled
pencil on paper
65.1 by 50.1 cm.
25⅝ by 19¾ in.
Executed in 2008.","Victoria Miro
Acquired from the above by the present owner
----------------------------------------------
Victoria Miro 畫廊
現藏者購自上述來源","Yoshitomo Nara,
Yoshitomo Nara: The Complete Works, Volume 2: Works on Paper, San Francisco 2011, cat. no. D-2008-014, p. 277, illustrated in colour
Yoshitomo Nara The Works: Catalogue Raisonné, 2021 - ongoing, no. D-2008-014, illustrated in colour (online)
----------------------------------------------
奈良美智著，《奈良美智作品全集，卷2：紙上作品》（三藩市，2011年），圖版編號 D-2008-014，第277頁，載彩圖
《Yoshitomo Nara The Works: Catalogue Raisonné》（2021年 – 持續修編），編號 D-2008-014，載彩圖（網上）",,
Contemporary Day Auction,29 September–5 October 2026 | 3:00 PM HKT | Hong Kong,Past Auction,https://www.sothebys.com/en/buy/auction/2026/contemporary-day-auction-4,340,Yoshitomo Nara 奈良美智,Runway & Now is the Time! 跑道及現在正是時候（兩幅作品）,1995,,29.5 by 21 cm.,1800000,2600000,HKD,True,True,,True,1792000,HKD,NotAffected,af056e5d-3422-4a7f-85a0-d427cd0362cf,afe61744-be7b-4c51-ab4a-d0c71e248f52,HK1748,https://www.sothebys.com/en/buy/auction/2026/contemporary-day-auction-4/yoshitomo-nara-nai-liang-mei-zhi-runway-now-is-the,https://sothebys-md.brightspotcdn.com/dims4/default/84bbc0a/2147483647/strip/true/crop/2000x1390+0+0/resize/1024x712!/quality/90/?url=http%3A%2F%2Fsothebys-brightspot.s3.amazonaws.com%2Fmedia-desk%2Fwebnative%2Fimages%2F5c%2Fc0%2F61028c8849488fe9603890143a0e%2Fhk1748-dmfgb-t2-01-cropped-combine.jpg,"Yoshitomo Nara
b. 1959

Runway and Now is the Time! (Two Works)
each: signed and dated 95 (lower right)
colored pencil and pencil on paper
each:
29.5 by 21 cm.
11⅝ by 8¼ in.
Executed in 1995.

----------------------------------------------

奈良美智
1959年生

跑道及現在正是時候（兩幅作品）
每幅款識：
藝術家簽名，95（右下）
彩色鉛筆及鉛筆紙本
每幅：
29.5 x 21 公分
11⅝ x 8¼ 英寸
1995年作","Yoshitomo Nara
b. 1959

Runway and Now is the Time! (Two Works)
each: signed and dated 95 (lower right)
colored pencil and pencil on paper
each:
29.5 by 21 cm.
11⅝ by 8¼ in.
Executed in 1995.","Hakutosha, Nagoya
Private Collection, Japan
Thence by descent to the present owner
----------------------------------------------
名古屋，白土舎畫廊
日本，私人收藏
此後由家族傳承至現藏者","Yoshitomo Nara,
Yoshitomo Nara: The Complete Works, Volume 2: Works on Paper, San Francisco 2011, cat. no. D-1995-113 and D-1995-114, p.84, illustrated in colour
----------------------------------------------
奈良美智著，《奈良美智作品全集，卷2：紙上作品》（三藩市，2011年），圖版編號 D-1995-113及D-1995-114，第84頁，載彩圖",,
Contemporary Day Auction,29 September–5 October 2026 | 3:00 PM HKT | Hong Kong,Past Auction,https://www.sothebys.com/en/buy/auction/2026/contemporary-day-auction-4,339,Takashi Murakami 村上隆,Untitled 無題,2020,,without pedestal: 93 by 55.3 by 33.5 cm. 36⅝ by 21¾ by 13¼ in.,1500000,2500000,HKD,True,False,,False,1792000,HKD,NotAffected,3c5e84e0-8652-4467-a260-3631e3ea95fc,afe61744-be7b-4c51-ab4a-d0c71e248f52,HK1748,https://www.sothebys.com/en/buy/auction/2026/contemporary-day-auction-4/takashi-murakami-cun-shang-long-untitled-wu-ti,https://sothebys-md.brightspotcdn.com/dims4/default/c996c39/2147483647/strip/true/crop/2000x2000+0+0/resize/1024x1024!/quality/90/?url=http%3A%2F%2Fsothebys-brightspot.s3.amazonaws.com%2Fmedia-desk%2Fwebnative%2Fimages%2F6f%2Fab%2F132f17a54bdcaa5862578b1c402f%2Fhk1748-dq5gc-t2-01.jpg,"Takashi Murakami
b. 1962

Untitled
signed, numbered 2/3, and dated 2020-2021 (on the underside of each)
(Left) Kaikai
(Right) Kiki
FRP and platinum leaf
overall:
Kaikai:
without pedestal: 93 by 55.3 by 33.5 cm. 36⅝ by 21¾ by 13¼ in.
with pedestal: 96.5 by 55.3 by 40 cm. 38 by 21¾ by 15¾ in.
Kiki:
without pedestal: 77.6 by 57.6 by 37.5 cm. 30½ by 22⅝ by 14¾ in.
with pedestal: 81.1 by 57.6 by 41 cm. 31⅞ by 22⅝ by 16⅛ in.
Executed in 2020-2021, this work is number 2 from an edition of 3, plus 2 artist's proofs and 2 special proofs.

©2020-2021Takashi Murakami/Kaikai Kiki Co., Ltd. All Rights Reserved.
----------------------------------------------

村上隆
1962年生

無題
款識
Takashi，2/3，2020-2021（每件作品底部）
玻璃纖維強化塑膠及鉑金箔
整體：
Kaikai： 不含底座：93 x 55.3 x 33.5 公分，36⅝ x 21¾ x 13¼ 英寸
含底座：96.5 x 55.3 x 40 公分，38 x 21¾ x 15¾ 英寸
Kiki： 不含底座：77.6 x 57.6 x 37.5 公分，30½ x 22⅝ x 14¾ 英寸
含底座：81.1 x 57.6 x 41 公分，31⅞ x 22⅝ x 16⅛ 英寸
2020-2021年作
版數
2/3
此作品共三版，本品為第二版，另有2版藝術家保留版及2版特別版","Takashi Murakami
b. 1962

Untitled
signed, numbered 2/3, and dated 2020-2021 (on the underside of each)
(Left) Kaikai
(Right) Kiki
FRP and platinum leaf
overall:
Kaikai:
without pedestal: 93 by 55.3 by 33.5 cm. 36⅝ by 21¾ by 13¼ in.
with pedestal: 96.5 by 55.3 by 40 cm. 38 by 21¾ by 15¾ in.
Kiki:
without pedestal: 77.6 by 57.6 by 37.5 cm. 30½ by 22⅝ by 14¾ in.
with pedestal: 81.1 by 57.6 by 41 cm. 31⅞ by 22⅝ by 16⅛ in.
Executed in 2020-2021, this work is number 2 from an edition of 3, plus 2 artist's proofs and 2 special proofs.

©2020-2021Takashi Murakami/Kaikai Kiki Co., Ltd. All Rights Reserved.","Perrotin, Hong Kong
Acquired from the above by the present owner
----------------------------------------------
香港，貝浩登
現藏者購自上述來源",,,
Contemporary Day Auction,29 September–5 October 2026 | 3:00 PM HKT | Hong Kong,Past Auction,https://www.sothebys.com/en/buy/auction/2026/contemporary-day-auction-4,338,Takashi Murakami 村上隆,"Doraemon Sitting Up: ""Everywhere Door (Dokodemo Door)"" 坐著的哆啦A夢：任意門",2018,acrylic on platinum leaf on canvas mounted on wood panel,122.9 by 94 cm.,1000000,2000000,HKD,True,True,,True,1536000,HKD,NotAffected,45c119b5-947f-443a-912e-8af1aefb060f,afe61744-be7b-4c51-ab4a-d0c71e248f52,HK1748,https://www.sothebys.com/en/buy/auction/2026/contemporary-day-auction-4/takashi-murakami-cun-shang-long-doraemon-duo-laa,https://sothebys-md.brightspotcdn.com/dims4/default/12bd1b2/2147483647/strip/true/crop/1508x2000+0+0/resize/1024x1358!/quality/90/?url=http%3A%2F%2Fsothebys-brightspot.s3.amazonaws.com%2Fmedia-desk%2Fwebnative%2Fimages%2F16%2Fbc%2Fcfd6880848d9816a754a80cf2fda%2Fhk1748-ddzdn-t2-01.jpg,"Takashi Murakami
b. 1962

Doraemon Sitting Up: ""Everywhere Door (Dokodemo Door)""
signed and dated 2018 (on the reverse)
acrylic on platinum leaf on canvas mounted on wood panel
122.9 by 94 cm.
48⅜ by 37 in.
Executed in 2018.

©2018 Takashi Murakami/Kaikai Kiki Co., Ltd. All Rights Reserved. ©︎Fujiko-Pro

----------------------------------------------

村上隆
1962年生

坐著的哆啦A夢：任意門
款識
Takashi，2018（作品背面）
壓克力鉑金箔畫布裱於木板
122.9 x 94 公分
48⅜ x 37 英寸
2018年作","Takashi Murakami
b. 1962

Doraemon Sitting Up: ""Everywhere Door (Dokodemo Door)""
signed and dated 2018 (on the reverse)
acrylic on platinum leaf on canvas mounted on wood panel
122.9 by 94 cm.
48⅜ by 37 in.
Executed in 2018.

©2018 Takashi Murakami/Kaikai Kiki Co., Ltd. All Rights Reserved. ©︎Fujiko-Pro","Perrotin, Shanghai
Acquired from the above by the present owner
----------------------------------------------
上海，貝浩登畫廊
現藏者購自上述來源",,,
Contemporary Day Auction,29 September–5 October 2026 | 3:00 PM HKT | Hong Kong,Past Auction,https://www.sothebys.com/en/buy/auction/2026/contemporary-day-auction-4,337,Yayoi Kusama 草間彌生,Mt. Fuji in Seven Colours (set of 7 works) 七色富士山（一組七幅）,2015,,each image: 30.3 by 90 cm. 11⅞ by 35⅜ in.,1800000,2800000,HKD,True,True,,True,2048000,HKD,NotAffected,47505aa7-8e1a-4729-957b-520eecc7ace2,afe61744-be7b-4c51-ab4a-d0c71e248f52,HK1748,https://www.sothebys.com/en/buy/auction/2026/contemporary-day-auction-4/yayoi-kusama-cao-jian-mi-sheng-mt-fuji-in-seven,https://sothebys-md.brightspotcdn.com/dims4/default/2c08c89/2147483647/strip/true/crop/2000x1723+0+0/resize/1024x882!/quality/90/?url=http%3A%2F%2Fsothebys-brightspot.s3.amazonaws.com%2Fmedia-desk%2Fwebnative%2Fimages%2F5d%2Fb3%2F498d1ef940de8f1dd7151e86161b%2Fhk1748-dkmrn-cs-01-group.jpg,"Yayoi Kusama
1929 - 2026

Mt. Fuji in Seven Colours (set of 7 works)
i. Yellow Fuji: My life shining forever, this human love shall not perish even after billions of light years
ii. Black Fuji: Where our soul sets in, this dark mountain embraces all with love
iii. Blue Fuji: Where the universe and human life are
iv. Pink Fuji: All things full of kindness touched my heart
v. Red Fuji: Mt. Fuji, I love
vi. Green Fuji: All about Mt. Fuji that I have loved my whole life
vii. Orange Fuji: When life boundlessly flares up to the universe
i-vi. each numbered 29/120 (lower left); each signed and dated 2014 (lower right);
vii. numbered 85/120 (lower left); signed and dated 2014 (lower right)
woodcut
each image: 30.3 by 90 cm. 11⅞ by 35⅜ in.
each sheet: 40 by 96 cm. 15¾ by 37¾ in.
Printed in 2015, these works are number 29 or 85 from an edition of 120.

Each work is accompanied by a publication certificate with edition number 29 or 85 stamped.

----------------------------------------------

草間彌生
1929 - 2026年

七色富士山（一組七幅）
i. 黃富士：我的生命永遠閃耀，即使經過數十億光年，這種人類的愛也不會消失
ii. 黑富士：我們靈魂歸處之地，這座黑色的山以愛擁抱一切
iii. 藍富士：宇宙與人類生命所在之處
iv. 粉紅富士：萬物的溫柔深深觸動了我的心
v. 紅富士：富士山，我愛你
vi. 綠富士：富士山的一切，是我一生所愛
vii. 橙富士：生命向宇宙無限燃燒之時
款識
i-vi. 29/120 (每幅左下）；Yayoi Kusama，2014（每幅右下）
vii. 85/120（左下）；Yayoi Kusama，2014（右下）
木刻版畫
每件圖像：30.3 x 90 公分，11⅞ x 35⅜ 英寸
每件紙張：40 x 96 公分，15¾ x 37¾ 英寸
2014年作
版數
29/120 或 85/120
每幅作品共120版

每幅各附：出版證書，蓋有版數29或85。","Yayoi Kusama
1929 - 2026

Mt. Fuji in Seven Colours (set of 7 works)
i. Yellow Fuji: My life shining forever, this human love shall not perish even after billions of light years
ii. Black Fuji: Where our soul sets in, this dark mountain embraces all with love
iii. Blue Fuji: Where the universe and human life are
iv. Pink Fuji: All things full of kindness touched my heart
v. Red Fuji: Mt. Fuji, I love
vi. Green Fuji: All about Mt. Fuji that I have loved my whole life
vii. Orange Fuji: When life boundlessly flares up to the universe
i-vi. each numbered 29/120 (lower left); each signed and dated 2014 (lower right);
vii. numbered 85/120 (lower left); signed and dated 2014 (lower right)
woodcut
each image: 30.3 by 90 cm. 11⅞ by 35⅜ in.
each sheet: 40 by 96 cm. 15¾ by 37¾ in.
Printed in 2015, these works are number 29 or 85 from an edition of 120.

Each work is accompanied by a publication certificate with edition number 29 or 85 stamped.","Ota Fine Arts, Singapore
Acquired from the above by the present owner
----------------------------------------------
新加坡，大田秀則畫廊
現藏者購自上述來源","Yayoi Kusama,
Yayoi Kusama Prints 1979-2017, Tokyo 2017, no. 394-400, p. 229-232, illustrated in colour
----------------------------------------------
草間彌生著，《草間彌生全版畫1979－2017》（東京，2017年），圖錄編號394-400，第229-232頁，載彩圖",,
Contemporary Day Auction,29 September–5 October 2026 | 3:00 PM HKT | Hong Kong,Past Auction,https://www.sothebys.com/en/buy/auction/2026/contemporary-day-auction-4,336,Yayoi Kusama 草間彌生,Soul Dashing Through Space 穿越空間的靈魂,,,,300000,500000,HKD,True,True,,True,537600,HKD,NotAffected,542c6092-8669-4f60-ba6a-a2a4ee279bbe,afe61744-be7b-4c51-ab4a-d0c71e248f52,HK1748,https://www.sothebys.com/en/buy/auction/2026/contemporary-day-auction-4/yayoi-kusama-cao-jian-mi-sheng-soul-dashing,https://sothebys-md.brightspotcdn.com/dims4/default/3af86fa/2147483647/strip/true/crop/1114x1555+0+0/resize/1024x1429!/quality/90/?url=http%3A%2F%2Fsothebys-brightspot.s3.amazonaws.com%2Fmedia-desk%2Fwebnative%2Fimages%2Fcc%2Ff5%2F34c5607741adb7cc8af8b256a1f7%2Fhk1748-dnnlx-cs-11-cropped.jpg,,,,,,
Contemporary Day Auction,29 September–5 October 2026 | 3:00 PM HKT | Hong Kong,Past Auction,https://www.sothebys.com/en/buy/auction/2026/contemporary-day-auction-4,335,Hiroshi Senju 千住博,Waterfall 瀑布,2009,mineral pigment on paper mounted on panel,61 by 61 cm.,550000,850000,HKD,True,False,,False,614400,HKD,NotAffected,69d37295-3bd2-4af1-b769-664737c0174b,afe61744-be7b-4c51-ab4a-d0c71e248f52,HK1748,https://www.sothebys.com/en/buy/auction/2026/contemporary-day-auction-4/hiroshi-senju-qian-zhu-bo-waterfall-pu-bu,https://sothebys-md.brightspotcdn.com/dims4/default/466e88c/2147483647/strip/true/crop/1996x2000+0+0/resize/1024x1026!/quality/90/?url=http%3A%2F%2Fsothebys-brightspot.s3.amazonaws.com%2Fmedia-desk%2Fwebnative%2Fimages%2F47%2F1f%2F4cd5624a40a5a9b5ddf2ae4d2008%2Fhk1748-dn2zs-t2-01-cropped.jpg,"Hiroshi Senju
b. 1958

Waterfall
signed, titled and dated 2009 (on the reverse backboard)
mineral pigment on paper mounted on panel
61 by 61 cm.
24 by 24 in.
Executed in 2009.

----------------------------------------

千住博
1958年生

瀑布
款識
H. Senju，Waterfall，2009（作品木板背面）
礦物顏料畫布
61 x 61 公分
24 x 24 英寸
2009年作","Hiroshi Senju
b. 1958

Waterfall
signed, titled and dated 2009 (on the reverse backboard)
mineral pigment on paper mounted on panel
61 by 61 cm.
24 by 24 in.
Executed in 2009.","Sundaram Tagore Gallery, New York
Acquired from the above by the present owner
----------------------------------------
紐約，Sundaram Tagore畫廊
現藏者購自上述來源",,,
Contemporary Day Auction,29 September–5 October 2026 | 3:00 PM HKT | Hong Kong,Past Auction,https://www.sothebys.com/en/buy/auction/2026/contemporary-day-auction-4,334,Ay-O 靉嘔,96 Gradation Rainbow with Lap 96 漸變彩虹,1985,acrylic on canvas,112 by 145.5 cm.,150000,250000,HKD,True,True,,True,512000,HKD,NotAffected,87c9c85d-6ee7-4d2b-ac86-64fc347969ce,afe61744-be7b-4c51-ab4a-d0c71e248f52,HK1748,https://www.sothebys.com/en/buy/auction/2026/contemporary-day-auction-4/ay-o-ai-ou-96-gradation-rainbow-with-lap-96-jian,https://sothebys-md.brightspotcdn.com/dims4/default/2c7293a/2147483647/strip/true/crop/2000x1540+0+0/resize/1024x788!/quality/90/?url=http%3A%2F%2Fsothebys-brightspot.s3.amazonaws.com%2Fmedia-desk%2Fwebnative%2Fimages%2F42%2F70%2F5c126eca465fafecede7c27ec225%2Fhk1748-dnnlt-cs-5-cropped.jpg,"Ay-O
b. 1931

96 Gradation Rainbow with Lap
signed, titled and dated 85 (on the reverse backboard)
acrylic on canvas
112 by 145.5 cm.
44⅛ by 57¼ in.
Executed in 1985.

----------------------------------------------

靉嘔
1931年生

96漸變彩虹
款識
Ay-O，96 Gradation Rainbow with Lap，85（作品背面木板）
壓克力畫布
112 x 145.5 公分
44⅛ x 57¼ 英寸
1985年作","Ay-O
b. 1931

96 Gradation Rainbow with Lap
signed, titled and dated 85 (on the reverse backboard)
acrylic on canvas
112 by 145.5 cm.
44⅛ by 57¼ in.
Executed in 1985.","Fuji Television Gallery, Tokyo
Private Collection, Asia
SBI Art Auction, Tokyo, 15 July 2017, Lot 137
Acquired from the above by the present owner
----------------------------------------------
東京，富士電視畫廊
亞洲，私人收藏
東京，SBI拍賣，2017年7月15日，拍品編號137
現藏者購自上述來源",,"Tokyo, Fuji Television Gallery,
Exhibition of AY-O, June 1985
----------------------------------------------
東京，富士電視畫廊，「AY-O展覽」，1985年6月",
Contemporary Day Auction,29 September–5 October 2026 | 3:00 PM HKT | Hong Kong,Past Auction,https://www.sothebys.com/en/buy/auction/2026/contemporary-day-auction-4,361,Wang Fanseng 王梵僧,Whale Spout 鯨噴,2019,oil on canvas,79.6 by 59.8 cm.,120000,200000,HKD,True,True,,True,832000,HKD,NotAffected,bc9f705e-ef51-4f48-8a8d-2135c3070082,afe61744-be7b-4c51-ab4a-d0c71e248f52,HK1748,https://www.sothebys.com/en/buy/auction/2026/contemporary-day-auction-4/wang-fanseng-wang-fan-seng-whale-spout-jing-pen,https://sothebys-md.brightspotcdn.com/dims4/default/8ca25b9/2147483647/strip/true/crop/1499x2000+0+0/resize/1024x1366!/quality/90/?url=http%3A%2F%2Fsothebys-brightspot.s3.amazonaws.com%2Fmedia-desk%2Fwebnative%2Fimages%2F8a%2F23%2F3ec38f1541dcb212ebba18700c51%2Fhk1748-dpftn-t3-01-cropped.jpg,"Wang Fanseng
b. 1984

Whale Spout
signed in Chinese and Pinyin, and dated 2019 (lower right); initialed, signed in Chinese and Pinyin (variously on the reverse) and dated 2019 (on the reverse)
oil on canvas
79.6 by 59.8 cm.
31⅜ by 23½ in.
Executed in 2019.

----------------------------------------------

王梵僧
1984年生

鯨噴
款識
王梵僧, Wang Fanseng, 2019（右下）
WFS, 王梵僧（作品背面多處）
2019（作品背面）
油畫畫布
79.6 x 59.8 公分
31⅜ x 23½ 英寸
2019年作","Wang Fanseng
b. 1984

Whale Spout
signed in Chinese and Pinyin, and dated 2019 (lower right); initialed, signed in Chinese and Pinyin (variously on the reverse) and dated 2019 (on the reverse)
oil on canvas
79.6 by 59.8 cm.
31⅜ by 23½ in.
Executed in 2019.","Guardian Art Center, Beijing,
Art Nova 100, September 2019
Acquired from the above by the present owner
----------------------------------------------
嘉德藝術中心，北京，〈青年藝術100〉，2019年9月
現藏者購自上述來源","Selected Works of Wang Fanseng, 2024, p. 123
----------------------------------------------
《世界欲凡聖地·應許之夢：王梵僧作品選》（2024年），第123頁","Beijing, Guardian Art Center,
Art Nova 100, September 2019
----------------------------------------------
北京，嘉德藝術中心，〈青年藝術100〉，2019年9月",
Contemporary Day Auction,29 September–5 October 2026 | 3:00 PM HKT | Hong Kong,Past Auction,https://www.sothebys.com/en/buy/auction/2026/contemporary-day-auction-4,360,Ni Youyu 倪有魚,Landslip 山崩,,,,180000,300000,HKD,True,False,,False,121600,HKD,NotAffected,f9990c4c-a853-454d-be30-35c07475d30e,afe61744-be7b-4c51-ab4a-d0c71e248f52,HK1748,https://www.sothebys.com/en/buy/auction/2026/contemporary-day-auction-4/ni-youyu-ni-you-yu-landslip-shan-beng,https://sothebys-md.brightspotcdn.com/dims4/default/2b49688/2147483647/strip/true/crop/1341x2000+0+0/resize/1024x1527!/quality/90/?url=http%3A%2F%2Fsothebys-brightspot.s3.amazonaws.com%2Fmedia-desk%2Fwebnative%2Fimages%2Fda%2Fe7%2F8b8994244f4b886c790a01dda16d%2Fhk1748-dpqh8-t2-01-a.jpg,,,,,,
Contemporary Day Auction,29 September–5 October 2026 | 3:00 PM HKT | Hong Kong,Past Auction,https://www.sothebys.com/en/buy/auction/2026/contemporary-day-auction-4,359,Xu Bing 徐冰,Landscript 讀風景,2002,ink on paper,50 by 175 cm.,400000,600000,HKD,True,True,,True,256000,HKD,NotAffected,928ec34d-e720-41d5-99ac-f8acbe13a641,afe61744-be7b-4c51-ab4a-d0c71e248f52,HK1748,https://www.sothebys.com/en/buy/auction/2026/contemporary-day-auction-4/xu-bing-xu-bing-landscript-du-feng-jing,https://sothebys-md.brightspotcdn.com/dims4/default/eaa4366/2147483647/strip/true/crop/2000x591+0+0/resize/1024x303!/quality/90/?url=http%3A%2F%2Fsothebys-brightspot.s3.amazonaws.com%2Fmedia-desk%2Fwebnative%2Fimages%2F68%2Fbe%2Ff6ea913c4405933ce28c23dfe951%2Fhk1748-dpbvh-cs-01-cropped.jpg,"Xu Bing
b. 1955

Landscript
signed and marked with one artist seal (lower right)
ink on paper
50 by 175 cm.
19¾ by 68⅞ in.
Executed in 2002.

----------------------------------------------

徐冰
1955年生

讀風景
款識
Xu Bing，藝術家鈐印一枚（右下）
水墨紙本
50 x 175 公分
19¾ x 68⅞ 英寸
2002年作","Xu Bing
b. 1955

Landscript
signed and marked with one artist seal (lower right)
ink on paper
50 by 175 cm.
19¾ by 68⅞ in.
Executed in 2002.","Prüss & Ochs Gallery, Berlin
Private Collection
Sotheby's, New York, 15 September 2015, Lot 6
Acquired from the above by the present owner
----------------------------------------------
柏林，Prüss & Ochs 畫廊
私人收藏
紐約，蘇富比，2015年9月15日，拍品編號6
現藏者購自上述來源",,,
Contemporary Day Auction,29 September–5 October 2026 | 3:00 PM HKT | Hong Kong,Past Auction,https://www.sothebys.com/en/buy/auction/2026/contemporary-day-auction-4,358,Xu Bing 徐冰,Square Word Calligraphy 英文方塊字,,ink on paper,135 by 135 cm.,300000,500000,HKD,True,True,,True,512000,HKD,NotAffected,af5953ef-afcc-411f-ad30-aeff986451df,afe61744-be7b-4c51-ab4a-d0c71e248f52,HK1748,https://www.sothebys.com/en/buy/auction/2026/contemporary-day-auction-4/xu-bing-xu-bing-square-word-calligraphy-ying-wen,https://sothebys-md.brightspotcdn.com/dims4/default/14f90ab/2147483647/strip/true/crop/1634x1634+0+0/resize/1024x1024!/quality/90/?url=http%3A%2F%2Fsothebys-brightspot.s3.amazonaws.com%2Fmedia-desk%2Fwebnative%2Fimages%2F22%2F6a%2Ff0cc4cda4f038d227900e61600d9%2Fhk1748-dnnm2-cs-1-cropped.jpg,"Xu Bing
b. 1955

Square Word Calligraphy
signed, and with two seals of the artist
ink on paper
135 by 135 cm.
53⅛ by 53⅛ in.

----------------------------------------------

徐冰
1955年生

英文方塊字
款識
藝術家簽名；藝術家鈐印兩枚
水墨紙本
135 x 135 公分
53⅛ x 53⅛ 英寸","Xu Bing
b. 1955

Square Word Calligraphy
signed, and with two seals of the artist
ink on paper
135 by 135 cm.
53⅛ by 53⅛ in.","Private Collection
Sotheby's, Hong Kong, 24 October 2005, Lot 726
Acquired from the above by the present owner
----------------------------------------------
私人收藏
香港，蘇富比，2005年10月24日，拍品編號726
現藏者購自上述來源",,,
Contemporary Day Auction,29 September–5 October 2026 | 3:00 PM HKT | Hong Kong,Past Auction,https://www.sothebys.com/en/buy/auction/2026/contemporary-day-auction-4,357,Wei Jia 韋嘉,Silk Ash Heaps I 錦灰堆 I,2013,acrylic on canvas,145 by 195.3 cm.,500000,1000000,HKD,True,False,,True,614400,HKD,NotAffected,4301f150-7343-416b-bc75-2d5fee5e0fd5,afe61744-be7b-4c51-ab4a-d0c71e248f52,HK1748,https://www.sothebys.com/en/buy/auction/2026/contemporary-day-auction-4/wei-jia-wei-jia-silk-ash-heaps-i-jin-hui-dui-i,https://sothebys-md.brightspotcdn.com/dims4/default/eb63b25/2147483647/strip/true/crop/1278x947+0+0/resize/1024x759!/quality/90/?url=http%3A%2F%2Fsothebys-brightspot.s3.amazonaws.com%2Fmedia-desk%2Fwebnative%2Fimages%2Fc7%2F9b%2F2d63520242febb4ccfcc7aea7bb1%2Fhk1748-dp3hz-cs-01.jpg,"Wei Jia
b. 1975

Silk Ash Heaps I
signed in Chinese, titled in Chinese and dated 2013 (on the reverse)
acrylic on canvas
145 by 195.3 cm.
57⅛ by 76⅞ in.
Executed in 2013.

----------------------------------------------

韋嘉
1975年生

錦灰堆 I
款識
藝術家簽名，錦灰堆 I，2013（作品背面）
壓克力畫布
145 x 195.3 公分
57⅛ x 76⅞ 英寸
2013年作","Wei Jia
b. 1975

Silk Ash Heaps I
signed in Chinese, titled in Chinese and dated 2013 (on the reverse)
acrylic on canvas
145 by 195.3 cm.
57⅛ by 76⅞ in.
Executed in 2013.","Leo Xu Projects, Shanghai
Acquired from the above by the present owner
----------------------------------------------
上海，Leo Xu當代藝術畫廊
現藏者購自上述來源",,,
Contemporary Day Auction,29 September–5 October 2026 | 3:00 PM HKT | Hong Kong,Past Auction,https://www.sothebys.com/en/buy/auction/2026/contemporary-day-auction-4,355,Zhang Xiaogang 張曉剛,Comrade 同志,1996,oil on canvas,60 by 50 cm.,900000,1500000,HKD,True,True,,True,1536000,HKD,NotAffected,30dd4643-08cf-4db2-93c8-801db83d0080,afe61744-be7b-4c51-ab4a-d0c71e248f52,HK1748,https://www.sothebys.com/en/buy/auction/2026/contemporary-day-auction-4/zhang-xiaogang-zhang-xiao-gang-comrade-tong-zhi,https://sothebys-md.brightspotcdn.com/dims4/default/5f31b51/2147483647/strip/true/crop/5427x6515+0+0/resize/1024x1229!/quality/90/?url=http%3A%2F%2Fsothebys-brightspot.s3.amazonaws.com%2Fmedia-desk%2F38%2Fb0%2F77e93c8045c8a4eeccd9a9597bd5%2Fhk1748-dq3m8-t2-01-cropped.jpg,"Zhang Xiaogang
b. 1958

Comrade
signed and dated 1996 (lower right)
oil on canvas
60 by 50 cm.
23⅝ by 19⅝ in.
Executed in 1996.

----------------------------------------------

張曉剛
1958年生

同志
款識
Zhang Xiaogang, 1996（右下）
油畫畫布
60 x 50 公分
23⅝ x 19⅝ 英寸
1996年作","Zhang Xiaogang
b. 1958

Comrade
signed and dated 1996 (lower right)
oil on canvas
60 by 50 cm.
23⅝ by 19⅝ in.
Executed in 1996.","Hanart TZ Gallery, Hong Kong
Acquired from the above by the present owner
----------------------------------------------
香港，漢雅軒
現藏者購自上述來源",,,
Contemporary Day Auction,29 September–5 October 2026 | 3:00 PM HKT | Hong Kong,Past Auction,https://www.sothebys.com/en/buy/auction/2026/contemporary-day-auction-4,333,Takesada Matsutani 松谷武判,Point de contact - 2021.8. 觸點 - 2021年8月,2021,acrylic and vinyl adhesive on canvas,161.9 by 130 cm.,500000,700000,HKD,True,True,,True,409600,HKD,NotAffected,df40f353-58cb-4366-a747-0c83320ad482,afe61744-be7b-4c51-ab4a-d0c71e248f52,HK1748,https://www.sothebys.com/en/buy/auction/2026/contemporary-day-auction-4/takesada-matsutani-song-gu-wu-pan-point-de-contact,https://sothebys-md.brightspotcdn.com/dims4/default/61477f2/2147483647/strip/true/crop/1611x2000+0+0/resize/1024x1271!/quality/90/?url=http%3A%2F%2Fsothebys-brightspot.s3.amazonaws.com%2Fmedia-desk%2Fwebnative%2Fimages%2F24%2F90%2Fcf8bdf6144dc8fe1222e8f75b587%2Fhk1748-ckrzz-t3-01.jpg,"Takesada Matsutani
b. 1937

Point de contact - 2021.8.
signed and dated 2021 (lower right); signed in English and Japanese, titled in French, and dated twice 2021 (on the reverse); signed in English (on the reverse stretcher bar)
acrylic and vinyl adhesive on canvas
161.9 by 130 cm.
63¾ by 51⅛ in.
Executed in 2021.

----------------------------------------------

松谷武判
1937年生

觸點 - 2021年8月
款識
Matsutani，2021（右下）
Matsutani，藝術家簽名，Point de contact-2021.8.，二0二十一.八，2021（作品背面）
Matsutani（內框背面）
醋酸黏合劑壓克力畫布
161.9 x 130 公分
63¾ x 51⅛ 英寸
2021年作","Takesada Matsutani
b. 1937

Point de contact - 2021.8.
signed and dated 2021 (lower right); signed in English and Japanese, titled in French, and dated twice 2021 (on the reverse); signed in English (on the reverse stretcher bar)
acrylic and vinyl adhesive on canvas
161.9 by 130 cm.
63¾ by 51⅛ in.
Executed in 2021.","Hauser & Wirth, Hong Kong
Acquired from the above by the present owner
----------------------------------------------
香港，Hauser & Wirth畫廊
現藏者購自上述來源",,"New York, Hauser & Wirth,
Takesada Matsutani: Combine, February - April 2022
----------------------------------------------
紐約，豪瑟沃斯畫廊，「松谷武判：Combine」，2022年2月至4月",
Contemporary Day Auction,29 September–5 October 2026 | 3:00 PM HKT | Hong Kong,Past Auction,https://www.sothebys.com/en/buy/auction/2026/contemporary-day-auction-4,332,Jiro Yoshihara 吉原治良,Work 作品,1961,oil on canvas board,33.5 by 24.3 cm.,200000,400000,HKD,True,True,,True,448000,HKD,NotAffected,a72af27a-ffc2-4ebd-87ff-405785cb7332,afe61744-be7b-4c51-ab4a-d0c71e248f52,HK1748,https://www.sothebys.com/en/buy/auction/2026/contemporary-day-auction-4/jiro-yoshihara-ji-yuan-zhi-liang-work-zuo-pin,https://sothebys-md.brightspotcdn.com/dims4/default/6a57694/2147483647/strip/true/crop/1444x2000+0+0/resize/1024x1418!/quality/90/?url=http%3A%2F%2Fsothebys-brightspot.s3.amazonaws.com%2Fmedia-desk%2Fwebnative%2Fimages%2F49%2F99%2F22b2e60e41ba8deb2ee5ba3640fb%2Fhk1748-9xpr5-t2-01-cropped.jpg,"Jirō Yoshihara
1905 - 1972

Work
signed in English (lower right)
oil on canvas board
33.5 by 24.3 cm.
13⅛ by 9½ in.
Executed circa 1961-63.

----------------------------------------

吉原治良
1905 - 1972年

作品
款識
yoshihara（右下）
油畫、畫布及木板
33.5 x 24.3 公分
13⅛ x 9½ 英寸
約1961至1963年作","Jirō Yoshihara
1905 - 1972

Work
signed in English (lower right)
oil on canvas board
33.5 by 24.3 cm.
13⅛ by 9½ in.
Executed circa 1961-63.","Private Collection, Japan
Sotheby's, Hong Kong, 5 October 2015, Lot 1
Acquired from the above by the present owner
----------------------------------------
日本，私人收藏
香港，蘇富比，2015年10月5日，拍品編號1
現藏者購自上述來源","Edgar Wallace,
The Crimson Circle, 2017, illustrated in colour on the cover
----------------------------------------------
Edgar Wallace著，《The Crimson Circle》（2017年），載封面彩圖","Japan, Hyogo, Hyogo Prefectual Museum of Art,
Shirarezaru Yoshihara Jiro – Unknown Yoshihara Jiro, November 1983 – January 1987
----------------------------------------
日本，兵庫縣，兵庫縣立美術館，〈Shirarezaru 吉原治良展〉，1983 年11月至1987年1月",
Contemporary Day Auction,29 September–5 October 2026 | 3:00 PM HKT | Hong Kong,Past Auction,https://www.sothebys.com/en/buy/auction/2026/contemporary-day-auction-4,331,Kazuo Shiraga 白髮一雄,Kouseki 紅蹟,1990,oil on canvas,31 by 25 cm.,300000,500000,HKD,True,True,,True,768000,HKD,NotAffected,cf1e99f0-7978-4264-aaf2-76990f942d70,afe61744-be7b-4c51-ab4a-d0c71e248f52,HK1748,https://www.sothebys.com/en/buy/auction/2026/contemporary-day-auction-4/kazuo-shiraga-bai-fa-yi-xiong-kouseki-hong-ji,https://sothebys-md.brightspotcdn.com/dims4/default/bef1a10/2147483647/strip/true/crop/1129x1392+0+0/resize/1024x1263!/quality/90/?url=http%3A%2F%2Fsothebys-brightspot.s3.amazonaws.com%2Fmedia-desk%2Fwebnative%2Fimages%2F38%2Fee%2F05f6e9cf4bdc9b7b768ec85f1994%2Fhk1748-dnnlp-cs-01-cropped.jpg,"Kazuo Shiraga
1924–2008

Kouseki
signed and dated 1990 (lower left); signed, titled and dated 1990 (on the reverse)
oil on canvas
31 by 25 cm.
12¼ by 9⅞ in.
Executed in 1990.

The work is accompanied by a certificate of authenticity issued by Japan Art Dealers Association, dated 17 September 2014.

----------------------------------------------

白髮一雄
1924–2008年

紅蹟
款識
白髮，90（左下）；紅蹟，白髮一雄，平成二年九月（作品背面）
油畫畫布
31 x 25 公分
12¼ x 9⅞ 英寸
1990年作

附：由日本洋畫商協同組合簽發之作品保證書。","Kazuo Shiraga
1924–2008

Kouseki
signed and dated 1990 (lower left); signed, titled and dated 1990 (on the reverse)
oil on canvas
31 by 25 cm.
12¼ by 9⅞ in.
Executed in 1990.

The work is accompanied by a certificate of authenticity issued by Japan Art Dealers Association, dated 17 September 2014.","Private Collection
SBI Art Auction, Tokyo, 25 October 2014, Lot 275
Acquired from the above by the present owner
----------------------------------------------
私人收藏
東京，SBI藝術拍賣，2014年10月25日，拍品編號275
現藏者購自上述來源",,,
Contemporary Day Auction,29 September–5 October 2026 | 3:00 PM HKT | Hong Kong,Past Auction,https://www.sothebys.com/en/buy/auction/2026/contemporary-day-auction-4,330,Lee Ufan 李禹煥,From Notch 從刻,1973,,148 by 48 cm.,1000000,2000000,HKD,True,True,,True,1792000,HKD,NotAffected,10783a24-072d-4389-bc9c-0b383195efb5,afe61744-be7b-4c51-ab4a-d0c71e248f52,HK1748,https://www.sothebys.com/en/buy/auction/2026/contemporary-day-auction-4/lee-ufan-li-yu-huan-from-notch-cong-ke,https://sothebys-md.brightspotcdn.com/dims4/default/aac0953/2147483647/strip/true/crop/649x2000+0+0/resize/1024x3156!/quality/90/?url=http%3A%2F%2Fsothebys-brightspot.s3.amazonaws.com%2Fmedia-desk%2Fwebnative%2Fimages%2Fb5%2F4f%2F6f85d0e44fb98bfd7b7b0d21792a%2Fhk1748-9xpr3-bi-t2-01.jpg,"Lee Ufan
b. 1936

From Notch
signed in Hanja and English, and dated 1973 (on the reverse)
woodcut
148 by 48 cm.
58¼ by 18⅞ in.
Executed in 1973.

----------------------------------------------

李禹煥
1936年生

從刻
款識﻿
李禹煥，Lee，1973（作品背面）
木刻
148 x 48 公分
58¼ x 18⅞ 英寸
1973年作","Lee Ufan
b. 1936

From Notch
signed in Hanja and English, and dated 1973 (on the reverse)
woodcut
148 by 48 cm.
58¼ by 18⅞ in.
Executed in 1973.","SCAI The Bath House, Japan
Private Collection, Japan
Sotheby's, Hong Kong, Avant Garde Asia - Lines of Korean Masters Selling Exhibition
Acquired from the above by the present owner
----------------------------------------------
日本，SCAI The Bath House 畫廊
日本，私人收藏
香港，蘇富比，「亞洲前衛藝術——韓國單色美學」展售會
現藏者購自上述來源",,,
Contemporary Day Auction,29 September–5 October 2026 | 3:00 PM HKT | Hong Kong,Past Auction,https://www.sothebys.com/en/buy/auction/2026/contemporary-day-auction-4,329,Rhee Seundja 李聖子,Nouveau code de la route (New Rules of the Road) 新道路規則,1961,oil on canvas,72.4 by 91.3 cm.,500000,700000,HKD,True,True,,True,704000,HKD,NotAffected,1c5a942d-f1cc-4a7f-a6cd-6c30e48ac569,afe61744-be7b-4c51-ab4a-d0c71e248f52,HK1748,https://www.sothebys.com/en/buy/auction/2026/contemporary-day-auction-4/rhee-seundja-li-sheng-zi-apparence-biao-mian,https://sothebys-md.brightspotcdn.com/dims4/default/51efe5c/2147483647/strip/true/crop/2000x1587+0+0/resize/1024x813!/quality/90/?url=http%3A%2F%2Fsothebys-brightspot.s3.amazonaws.com%2Fmedia-desk%2Fwebnative%2Fimages%2Fa5%2F0d%2F937fc8f941198510d861b9b993b8%2Fhk1748-dmk7n-t2-01-cropped.jpg,"Rhee Seundja
1918 - 2009

Nouveau code de la route (New Rules of the Road)
signed and dated 1961 (twice lower right); inscribed 613OF529 (on the reverse stretcher bar)
oil on canvas
72.4 by 91.3 cm.
28½ by 36 in.
Executed in 1961.

----------------------------------------------

李聖子
1918 - 2009年

新道路規則
款識
Seundja Rhee，1961 （右下两次）
613OF529（作品內框）
油畫畫布
72.4 x 91.3 公分
28½ x 36 英寸
1961年作","Rhee Seundja
1918 - 2009

Nouveau code de la route (New Rules of the Road)
signed and dated 1961 (twice lower right); inscribed 613OF529 (on the reverse stretcher bar)
oil on canvas
72.4 by 91.3 cm.
28½ by 36 in.
Executed in 1961.","Galerie Cavalero, Cannes
Private Collection
Seoul Auction, Hong Kong, 29 March 2019, Lot 23
Acquired from the above by the present owner
----------------------------------------------
戛納，Galerie Cavalero畫廊
私人收藏
香港，首爾拍賣，2019年3月29日，拍品編號23
現藏者購自上述來源","Exh. Cat., Seoul, National Museum of Modern and Contemporary Art,
100th Anniversary of Birth - Road to the Antipodes, March - July 2018, p.85, illustrated in colour
----------------------------------------------
〈誕辰百週年紀念展：通往對跖點之路〉展覽圖錄，（首爾，國立現代美術館，2018年3月至7月），第85頁，載彩圖",,
Contemporary Day Auction,29 September–5 October 2026 | 3:00 PM HKT | Hong Kong,Past Auction,https://www.sothebys.com/en/buy/auction/2026/contemporary-day-auction-4,328,Kim Tschang-Yeul 金昌烈,Recurrence 水滴,1995,oil on canvas,162 by 130.3 cm.,500000,700000,HKD,True,True,,True,768000,HKD,NotAffected,4a5798ea-9503-4def-9ace-271988439bcb,afe61744-be7b-4c51-ab4a-d0c71e248f52,HK1748,https://www.sothebys.com/en/buy/auction/2026/contemporary-day-auction-4/kim-tschang-yeul-jin-chang-lie-recurrence-shui-di,https://sothebys-md.brightspotcdn.com/dims4/default/7e3a08c/2147483647/strip/true/crop/1610x2000+0+0/resize/1024x1272!/quality/90/?url=http%3A%2F%2Fsothebys-brightspot.s3.amazonaws.com%2Fmedia-desk%2Fwebnative%2Fimages%2F3b%2Fb6%2Ff071e38f4e09ad545a9403efc396%2Fhk1748-dqg58-cs-01-cropped.jpg,"Kim Tschang-Yeul
1929-2021

Recurrence
signed, dated 1995 and inscribed PK95010 (on the right overlap)
oil on canvas
162 by 130.3 cm.
63¾ by 51¼ in.
Executed in 1995.

----------------------------------------------

金昌烈
1929-2021年

水滴
款識
藝術家簽名，1995，PK95010（畫布右折入處）
油畫畫布
162 x 130.3 公分
63¾ x 51¼ 英寸
1995年作","Kim Tschang-Yeul
1929-2021

Recurrence
signed, dated 1995 and inscribed PK95010 (on the right overlap)
oil on canvas
162 by 130.3 cm.
63¾ by 51¼ in.
Executed in 1995.","Gallery GODO, Seoul
Acquired from the above by the present owner
----------------------------------------------
首爾，GODO畫廊
現藏者購自上述來源",,"Taipei, Chuan Cheng Art Center,
Art for Life, November 2025 – January 2026
----------------------------------------------
台北，傳承藝術中心，「藝術傳家」，2025年11月至2026年1月",
Contemporary Day Auction,29 September–5 October 2026 | 3:00 PM HKT | Hong Kong,Past Auction,https://www.sothebys.com/en/buy/auction/2026/contemporary-day-auction-4,327,Ha Chong-Hyun 河鍾賢,Conjunction 17-99 接合 17-99,2017,oil on hemp cloth,130 by 97 cm.,800000,1200000,HKD,True,True,,True,1280000,HKD,NotAffected,b326fad7-3fc4-4e5f-8f26-36c7815e1c5f,afe61744-be7b-4c51-ab4a-d0c71e248f52,HK1748,https://www.sothebys.com/en/buy/auction/2026/contemporary-day-auction-4/ha-chong-hyun-he-zhong-xian-conjunction-17-99-jie,https://sothebys-md.brightspotcdn.com/dims4/default/b51d70c/2147483647/strip/true/crop/1488x2000+0+0/resize/1024x1376!/quality/90/?url=http%3A%2F%2Fsothebys-brightspot.s3.amazonaws.com%2Fmedia-desk%2Fwebnative%2Fimages%2F79%2Fdb%2Fa75638f9493a9f1c7698e1afedd5%2Fhk1748-dpz3c-t2-01.jpg,"Ha Chong-Hyun
b. 1935

Conjunction 17-99
signed, titled and dated 2017 (on the reverse)
oil on hemp cloth
130 by 97 cm.
51⅛ by 38¼ in.
Executed in 2017.

----------------------------------------------

河鍾賢
1935年生

接合 17-99
款識
HA CHONG-HYUN，Conjunction 17-99，2017（作品背面）
油畫麻布
130 x 97 公分
51⅛ x 38¼ 英寸
2017年作","Ha Chong-Hyun
b. 1935

Conjunction 17-99
signed, titled and dated 2017 (on the reverse)
oil on hemp cloth
130 by 97 cm.
51⅛ by 38¼ in.
Executed in 2017.","Kukje Gallery, Seoul
Acquired from the above by the present owner
----------------------------------------------
首爾，國際畫廊
現藏者購自上述來源",,,
Contemporary Day Auction,29 September–5 October 2026 | 3:00 PM HKT | Hong Kong,Past Auction,https://www.sothebys.com/en/buy/auction/2026/contemporary-day-auction-4,326,Chung Sanghwa 鄭相和,Untitled 76-9-15 無題 76-9-15,1976,oil on canvas,130.7 by 97.5 cm.,500000,1000000,HKD,True,True,,True,1920000,HKD,NotAffected,3952bb85-87a8-48ce-abb4-90c0330be786,afe61744-be7b-4c51-ab4a-d0c71e248f52,HK1748,https://www.sothebys.com/en/buy/auction/2026/contemporary-day-auction-4/chung-sanghwa-zheng-xiang-he-untitled-76-9-15-wu,https://sothebys-md.brightspotcdn.com/dims4/default/27c9377/2147483647/strip/true/crop/1482x2000+0+0/resize/1024x1382!/quality/90/?url=http%3A%2F%2Fsothebys-brightspot.s3.amazonaws.com%2Fmedia-desk%2Fwebnative%2Fimages%2Fdf%2Fa0%2Fc41599d84c81b3295e9e664855e0%2Fhk1748-dpdp6-t2-01-cropped.jpg,"Chung Sanghwa
1932 - 2026

Untitled 76-9-15
signed in Korean and English, titled in Korean and dated 1976 (on the reverse)
oil on canvas
130.7 by 97.5 cm.
51½ by 38⅜ in.
Executed in 1976.

----------------------------------------------

鄭相和
1932 - 2026年

無題 76-9-15
款識
藝術家簽名，CHUNG SANG HWA，無題 76-9-15（作品背面）
油畫畫布
130.7 x 97.5 公分
51½ x 38⅜ 英寸
1976 年作","Chung Sanghwa
1932 - 2026

Untitled 76-9-15
signed in Korean and English, titled in Korean and dated 1976 (on the reverse)
oil on canvas
130.7 by 97.5 cm.
51½ by 38⅜ in.
Executed in 1976.","The Artist
Private Collection, Korea
Thence by descent to the present owner
----------------------------------------------
藝術家
韓國，私人收藏
此後由家族傳承至現藏者",,,
Contemporary Day Auction,29 September–5 October 2026 | 3:00 PM HKT | Hong Kong,Past Auction,https://www.sothebys.com/en/buy/auction/2026/contemporary-day-auction-4,325,Park Seo-Bo 朴栖甫,Écriture 描法 No. 62-72,,,,600000,900000,HKD,True,True,,True,1408000,HKD,NotAffected,f1635659-94fa-4eb8-8af1-31af53c0ab29,afe61744-be7b-4c51-ab4a-d0c71e248f52,HK1748,https://www.sothebys.com/en/buy/auction/2026/contemporary-day-auction-4/park-seo-bo-pu-qi-fu-ecriture-miao-fa-no-62-72,https://sothebys-md.brightspotcdn.com/dims4/default/038c46f/2147483647/strip/true/crop/1681x2000+0+0/resize/1024x1218!/quality/90/?url=http%3A%2F%2Fsothebys-brightspot.s3.amazonaws.com%2Fmedia-desk%2Fwebnative%2Fimages%2F01%2F25%2Fd6d53c3b47f4a4526976aeafa77e%2Fhk1748-dpdp5-t2-01-crop.jpg,,,,,,
Contemporary Day Auction,29 September–5 October 2026 | 3:00 PM HKT | Hong Kong,Past Auction,https://www.sothebys.com/en/buy/auction/2026/contemporary-day-auction-4,324,Christine Ay Tjoe 克里絲汀 · 艾珠,Lama Sabakhtani 3 → 2 #03 為什麼離棄我 3 → 2 #03,2010,oil on canvas,170 by 199.3 cm.,1200000,3000000,HKD,True,True,,True,1536000,HKD,NotAffected,87c90565-6a2f-4fc0-a2fa-1481aea0db77,afe61744-be7b-4c51-ab4a-d0c71e248f52,HK1748,https://www.sothebys.com/en/buy/auction/2026/contemporary-day-auction-4/christine-ay-tjoe-ke-li-si-ting-ai-zhu-lama,https://sothebys-md.brightspotcdn.com/dims4/default/3e15413/2147483647/strip/true/crop/6359x5426+0+0/resize/1024x874!/quality/90/?url=http%3A%2F%2Fsothebys-brightspot.s3.amazonaws.com%2Fmedia-desk%2F71%2Fc1%2Fc1e1d236464c85d1866d89fd2b32%2Fhk1748-cvttk-bi-01.jpg,"Christine Ay Tjoe
b. 1973

Lama Sabakhtani 3 → 2 #03
signed and dated 10 (lower right); signed, titled, dated 2010 (on the reverse)
oil on canvas
170 by 199.3 cm.
66⅞ by 78½ in.
Executed in 2010.

----------------------------------------------

克莉絲汀 · 艾珠
1973年生

為什麼離棄我 3 → 2 #03
款識
Christine，10（右下）；ay tjoe christine， 3 → 2 #03，2010（作品背面）
油畫畫布
170 x 199.3 公分
66⅞ x 78½ 英寸
2010年作","Christine Ay Tjoe
b. 1973

Lama Sabakhtani 3 → 2 #03
signed and dated 10 (lower right); signed, titled, dated 2010 (on the reverse)
oil on canvas
170 by 199.3 cm.
66⅞ by 78½ in.
Executed in 2010.","Seoul, SongEun ArtSpace
Acquired from the above by the present owner
----------------------------------------------
首爾，松隱藝術空間
現藏者購自上述來源","Lama Sabakhtani Club: Ay Tjoe Christine in collaboration with Deden Sambas, Indonesia, Artsociates, 2010, pp. 46-47, illustrated in colour
----------------------------------------------
《Lama Sabakhtani Club: Ay Tjoe Christine in collaboration with Deden Sambas》（印度尼西亞，Artsociates，2010年），第46-47頁，載彩圖","Seoul, SongEun ArtSpace,
Christine Ay Tjoe: Perfect Imperfection, April – June 2015, n.p., illustrated in colour
----------------------------------------------
首爾，SongEun ArtSpace，「Christine Ay Tjoe: Perfect Imperfection」，2015年4月至6月，無頁數，載彩圖",
Contemporary Day Auction,29 September–5 October 2026 | 3:00 PM HKT | Hong Kong,Past Auction,https://www.sothebys.com/en/buy/auction/2026/contemporary-day-auction-4,323,Anish Kapoor 安尼施 · 卡普爾,Untitled  無題,2014,bronze and lacquer,135 by 135 by 22 cm.,2500000,3500000,HKD,True,True,,True,6016000,HKD,NotAffected,bbb9a37f-bcd8-41b2-83ed-ae52b5983ffb,afe61744-be7b-4c51-ab4a-d0c71e248f52,HK1748,https://www.sothebys.com/en/buy/auction/2026/contemporary-day-auction-4/anish-kapoor-an-ni-shi-ka-pu-er-untitled-wu-ti,https://sothebys-md.brightspotcdn.com/dims4/default/fbb429b/2147483647/strip/true/crop/6090x6090+0+0/resize/1024x1024!/quality/90/?url=http%3A%2F%2Fsothebys-brightspot.s3.amazonaws.com%2Fmedia-desk%2Fbe%2F18%2Fa891b5014ecc8156586b8245f708%2Fhk1748-dps7h-cs-02.jpg,"Anish Kapoor
b. 1954

Untitled
signed, dated 2014, and inscribed WD100966 (on the reverse)
bronze and lacquer
135 by 135 by 22 cm.
53⅛ by 53⅛ by 8⅝ in.
Executed in 2014.

© 2026 Anish Kapoor. All Rights Reserved, DACS Images.
----------------------------------------------

安尼施 · 卡普爾
1954年生

無題
款識
Anish Kapoor，2014，WD100966（作品背面）
青銅、漆
135 x 135 x 22 公分
53⅛ x 53⅛ x 8⅝ 英寸
2014年作","Anish Kapoor
b. 1954

Untitled
signed, dated 2014, and inscribed WD100966 (on the reverse)
bronze and lacquer
135 by 135 by 22 cm.
53⅛ by 53⅛ by 8⅝ in.
Executed in 2014.

© 2026 Anish Kapoor. All Rights Reserved, DACS Images.","Gladstone Gallery, New York
Private Collection
Phillips, Hong Kong, 25 November 2018, Lot 22
Acquired from the above sale by the present owner
----------------------------------------------
紐約，Gladstone畫廊
私人收藏
香港，佳士得，2018年11月25日，拍品編號22
現藏者購自上述來源",,,
Contemporary Day Auction,29 September–5 October 2026 | 3:00 PM HKT | Hong Kong,Past Auction,https://www.sothebys.com/en/buy/auction/2026/contemporary-day-auction-4,322,George Condo 喬治 · 康多,Politician 政客,,,,2400000,4000000,HKD,True,True,,True,3584000,HKD,NotAffected,9619a8a2-64d8-4038-a9c2-3b2a7059932b,afe61744-be7b-4c51-ab4a-d0c71e248f52,HK1748,https://www.sothebys.com/en/buy/auction/2026/contemporary-day-auction-4/george-condo-qiao-zhi-kang-duo-politician-zheng-ke,https://sothebys-md.brightspotcdn.com/dims4/default/1649821/2147483647/strip/true/crop/4162x4527+0+0/resize/1024x1114!/quality/90/?url=http%3A%2F%2Fsothebys-brightspot.s3.amazonaws.com%2Fmedia-desk%2F82%2Fa3%2F4a68527a49aa9103dc839ceb4a90%2Fhk1748-dny4s-t2-01-cropped.jpg,,,,,,
Contemporary Day Auction,29 September–5 October 2026 | 3:00 PM HKT | Hong Kong,Past Auction,https://www.sothebys.com/en/buy/auction/2026/contemporary-day-auction-4,321,David Hockney 大衛 · 霍克尼,Untitled (1159) 無題 (1159),2012,iPad drawing printed in colours on wove paper,sheet: 94.2 by 71.2 cm. 37⅛ by 28 in.,200000,400000,HKD,True,True,,True,448000,HKD,NotAffected,83797da0-b2f4-422d-82f6-3ec6588caa03,afe61744-be7b-4c51-ab4a-d0c71e248f52,HK1748,https://www.sothebys.com/en/buy/auction/2026/contemporary-day-auction-4/david-hockney-da-wei-huo-ke-ni-untitled-1159-wu-ti,https://sothebys-md.brightspotcdn.com/dims4/default/feb24c1/2147483647/strip/true/crop/1510x2000+0+0/resize/1024x1356!/quality/90/?url=http%3A%2F%2Fsothebys-brightspot.s3.amazonaws.com%2Fmedia-desk%2Fwebnative%2Fimages%2F58%2F1b%2Fe10dfd00431db7dc2b1e40f85e7e%2Fhk1748-dkh29-cs-04-a.jpg,"David Hockney
1937 - 2026

Untitled (1159)
signed, dated 12 and numbered 11/25 (on the bottom edge)
iPad drawing printed in colours on wove paper
sheet: 94.2 by 71.2 cm. 37⅛ by 28 in.
Executed in 2012, this work is number 11 from an edition of 25.

----------------------------------------------

大衛 · 霍克尼
1937 - 2026年

無題 (1159)
款識
藝術家簽名，12， 11/25（底部邊緣）
iPad繪圖印於紙本
紙張：94.2 x 71.2 公分，37⅛ x 28 英寸
2012年作
版數
11／25
此作品共25版，本品為第11版","David Hockney
1937 - 2026

Untitled (1159)
signed, dated 12 and numbered 11/25 (on the bottom edge)
iPad drawing printed in colours on wove paper
sheet: 94.2 by 71.2 cm. 37⅛ by 28 in.
Executed in 2012, this work is number 11 from an edition of 25.","Annely Juda Fine Art, London
Acquired from the above by the present owner
----------------------------------------------
倫敦，Annely Juda 畫廊
現藏者購自上述來源",,,
Contemporary Day Auction,29 September–5 October 2026 | 3:00 PM HKT | Hong Kong,Past Auction,https://www.sothebys.com/en/buy/auction/2026/contemporary-day-auction-4,320,Keith Haring 凱斯 · 哈林,Andy Mouse 安迪鼠,1985,sumi ink on paper,58.5 by 58.5 cm.,900000,1500000,HKD,True,True,,True,2432000,HKD,NotAffected,a129641b-25ca-475f-839e-0ea30f029173,afe61744-be7b-4c51-ab4a-d0c71e248f52,HK1748,https://www.sothebys.com/en/buy/auction/2026/contemporary-day-auction-4/keith-haring-kai-si-ha-lin-andy-mouse-an-di-shu,https://sothebys-md.brightspotcdn.com/dims4/default/8777505/2147483647/strip/true/crop/1546x1542+0+0/resize/1024x1021!/quality/90/?url=http%3A%2F%2Fsothebys-brightspot.s3.amazonaws.com%2Fmedia-desk%2Fwebnative%2Fimages%2Fd4%2Fa2%2F6e0aaaa6404bb0b3f6e6e27bd244%2Fhk1748-dqg5c-cs-01-cropped.jpg,"Keith Haring
1958-1990

Andy Mouse
signed and dated Nov 7-85 (on the reverse)
sumi ink on paper
58.5 by 58.5 cm.
23 by 23 in.
Executed in 1985.

----------------------------------------------

凱斯 · 哈林
1958-1990年

安迪鼠
款識
K.Haring，85（作品背面）
墨水紙本
58.5 x 58.5 公分
23 x 23 英寸
1985年作","Keith Haring
1958-1990

Andy Mouse
signed and dated Nov 7-85 (on the reverse)
sumi ink on paper
58.5 by 58.5 cm.
23 by 23 in.
Executed in 1985.","George Mulder Fine Art, Miami
Private Collection, USA
Sotheby's, New York, 16 May 2002, Lot 415
Private Collection, New York
Edward Ressle, New York
Acquired from the above by the present owner
----------------------------------------------
邁阿密，George Mulder Fine Art畫廊
美國，私人收藏
紐約，蘇富比，2002年5月16日，拍品編號415
紐約，私人收藏
紐約，Edward Ressle畫廊
現藏者購自上述來源",,,
Contemporary Day Auction,29 September–5 October 2026 | 3:00 PM HKT | Hong Kong,Past Auction,https://www.sothebys.com/en/buy/auction/2026/contemporary-day-auction-4,319,Izumi Kato 加藤泉,Untitled 無題,2008,,150 by 59.5 by 70 cm.,500000,1000000,HKD,True,False,,True,576000,HKD,NotAffected,921930b8-6766-42d0-86e7-f921bbb79afc,afe61744-be7b-4c51-ab4a-d0c71e248f52,HK1748,https://www.sothebys.com/en/buy/auction/2026/contemporary-day-auction-4/izumi-kato-jia-teng-quan-untitled-wu-ti-3,https://sothebys-md.brightspotcdn.com/dims4/default/3f3bd17/2147483647/strip/true/crop/2000x2000+0+0/resize/1024x1024!/quality/90/?url=http%3A%2F%2Fsothebys-brightspot.s3.amazonaws.com%2Fmedia-desk%2Fwebnative%2Fimages%2F6c%2F2f%2F0454d8844698960dbf726ce05456%2Fhk1748-dnnm4-cs-27-v1.jpg,"Izumi Kato
b. 1969

Untitled
signed and dated 2008 (on the underside)
mixed media, in three parts
150 by 59.5 by 70 cm.
59 by 23⅜ by 27½ in.
Executed in 2008.

----------------------------------------------

加藤泉
1969年生

無題
款識
藝術家簽名，2008（作品底部）
複合媒材, 共三部分
150 x 59.5 x 70 公分
59 x 23⅜ x 27½ 英寸
2008年作","Izumi Kato
b. 1969

Untitled
signed and dated 2008 (on the underside)
mixed media, in three parts
150 by 59.5 by 70 cm.
59 by 23⅜ by 27½ in.
Executed in 2008.","Private Collection, Asia
----------------------------------------------
亞洲，私人收藏",,,
Contemporary Day Auction,29 September–5 October 2026 | 3:00 PM HKT | Hong Kong,Past Auction,https://www.sothebys.com/en/buy/auction/2026/contemporary-day-auction-4,318,Yayoi Kusama 草間彌生,Pumpkin 南瓜,1990,acrylic on canvas,22.7 by 15.8 cm.,2500000,3500000,HKD,True,True,,True,4480000,HKD,NotAffected,f76f91a1-d7be-44d8-b477-cf55c83c0a48,afe61744-be7b-4c51-ab4a-d0c71e248f52,HK1748,https://www.sothebys.com/en/buy/auction/2026/contemporary-day-auction-4/yayoi-kusama-cao-jian-mi-sheng-pumpkin-nan-gua-2,https://sothebys-md.brightspotcdn.com/dims4/default/fbb22c4/2147483647/strip/true/crop/919x1292+0+0/resize/1024x1440!/quality/90/?url=http%3A%2F%2Fsothebys-brightspot.s3.amazonaws.com%2Fmedia-desk%2F61%2F13%2F1072ad5c42bba2893f0555495e18%2Fhk1748-dpdsl-cs-01-cropped.jpg,"Yayoi Kusama
1929 - 2026

Pumpkin
signed in English, titled in Japanese and dated 1990 (on the reverse)
acrylic on canvas
22.7 by 15.8 cm.
8⅞ by 6¼ in.
Executed in 1990.

This work is accompanied by a registration card issued by YAYOI KUSAMA Inc.

----------------------------------------------

草間彌生
1929 - 2026年

南瓜
款識
Yayoi Kusama，1990，かぼちゃ（作品背面）
壓克力畫布
22.7 x 15.8 公分
8⅞ x 6¼ 英寸
1990年作

附：由株式會社草間彌生簽發之藝術品註冊卡。","Yayoi Kusama
1929 - 2026

Pumpkin
signed in English, titled in Japanese and dated 1990 (on the reverse)
acrylic on canvas
22.7 by 15.8 cm.
8⅞ by 6¼ in.
Executed in 1990.

This work is accompanied by a registration card issued by YAYOI KUSAMA Inc.","Private Collection
Seoul Auction, Seoul, 30 April 2014, Lot 25
Private Collection, Asia
Acquired from the above by the present owner
----------------------------------------------
私人收藏
首爾，首爾拍賣，2014年4月30日，拍品編號25
私人收藏，亞洲
現藏者購自上述來源",,,
Contemporary Day Auction,29 September–5 October 2026 | 3:00 PM HKT | Hong Kong,Past Auction,https://www.sothebys.com/en/buy/auction/2026/contemporary-day-auction-4,317,Yayoi Kusama 草間彌生,Nets 19 網 19號,1998,acrylic on canvas,53 by 65 cm.,3000000,5000000,HKD,True,True,,True,2560000,HKD,NotAffected,6a8ff225-5381-4dce-af30-9e32b45c3cc8,afe61744-be7b-4c51-ab4a-d0c71e248f52,HK1748,https://www.sothebys.com/en/buy/auction/2026/contemporary-day-auction-4/yayoi-kusama-cao-jian-mi-sheng-nets-19-wang-19hao,https://sothebys-md.brightspotcdn.com/dims4/default/21356c3/2147483647/strip/true/crop/7729x6316+0+0/resize/1024x837!/quality/90/?url=http%3A%2F%2Fsothebys-brightspot.s3.amazonaws.com%2Fmedia-desk%2F69%2F2c%2F0ca3c3534d5b88659cfcc2bc7e54%2Fhk1748-dnnll-new-cropped.jpg,"Yayoi Kusama
1929 - 2026

Nets 19
signed in English, titled in English and dated 1998 (on the reverse)
acrylic on canvas
53 by 65 cm.
20⅞ by 25⅝ in.
Executed in 1998.

This work is accompanied by a registration card issued by YAYOI KUSAMA Inc.

----------------------------------------------

草間彌生
1929 - 2026年

網19號
款識
Yayoi Kusama，1998，Nets 19（作品背面）
壓克力畫布
53 x 65 公分
20⅞ x 25⅝ 英寸
1998年作

附：由株式會社草間彌生簽發之藝術品註冊卡。","Yayoi Kusama
1929 - 2026

Nets 19
signed in English, titled in English and dated 1998 (on the reverse)
acrylic on canvas
53 by 65 cm.
20⅞ by 25⅝ in.
Executed in 1998.

This work is accompanied by a registration card issued by YAYOI KUSAMA Inc.","Robert Miller Gallery, New York
Private Collection, Asia
Ravenel, Taipei, 1 December 2019, Lot 127
Acquired from the above by the present owner
----------------------------------------------
紐約，Robert Miller畫廊
亞洲，私人收藏
台北，羅芙奧，2019年12月1日，拍品編號127
現藏者購自上述來源",,"New York, Robert Miller Gallery,
Yayoi Kusama: Now, June - August 1998
Miami, Bass Museum of Art,
Yayoi Kusama,
December 2002 - May 2003
----------------------------------------------
紐約，Robert Miller畫廊，「Yayoi Kusama: Now」，1998年6月至8月
邁阿密，巴斯藝術博物館，「草間彌生」，2002年12月至2003年5月",
Contemporary Day Auction,29 September–5 October 2026 | 3:00 PM HKT | Hong Kong,Past Auction,https://www.sothebys.com/en/buy/auction/2026/contemporary-day-auction-4,316,Yayoi Kusama 草間彌生,Pumpkin 南瓜,,,,8000000,12000000,HKD,True,True,,True,12800000,HKD,NotAffected,e49a6b20-bc3a-4111-8c5f-65ef20cfc479,afe61744-be7b-4c51-ab4a-d0c71e248f52,HK1748,https://www.sothebys.com/en/buy/auction/2026/contemporary-day-auction-4/yayoi-kusama-cao-jian-mi-sheng-pumpkin-nan-gua,https://sothebys-md.brightspotcdn.com/dims4/default/ef8b181/2147483647/strip/true/crop/7064x8393+0+0/resize/1024x1217!/quality/90/?url=http%3A%2F%2Fsothebys-brightspot.s3.amazonaws.com%2Fmedia-desk%2F0a%2F53%2Fc791f5a14905941eb40bdfe445f9%2Fhk1748-dnjqv-cs-01.jpg,,,,,,
Contemporary Day Auction,29 September–5 October 2026 | 3:00 PM HKT | Hong Kong,Past Auction,https://www.sothebys.com/en/buy/auction/2026/contemporary-day-auction-4,313,Izumi Kato 加藤泉,Untitled 無題,,,,1200000,2000000,HKD,True,True,,True,1920000,HKD,NotAffected,b86dfd3e-3b07-4e1b-ba55-8caa04fbc13e,afe61744-be7b-4c51-ab4a-d0c71e248f52,HK1748,https://www.sothebys.com/en/buy/auction/2026/contemporary-day-auction-4/izumi-kato-jia-teng-quan-untitled-wu-ti-2,https://sothebys-md.brightspotcdn.com/dims4/default/200ef6e/2147483647/strip/true/crop/1349x2000+0+0/resize/1024x1518!/quality/90/?url=http%3A%2F%2Fsothebys-brightspot.s3.amazonaws.com%2Fmedia-desk%2Fwebnative%2Fimages%2Fcc%2F39%2Fcf5a19ea428584b63dd3bdc17d11%2Fhk1748-dnnlz-cs-3.jpg,,,,,,
Contemporary Day Auction,29 September–5 October 2026 | 3:00 PM HKT | Hong Kong,Past Auction,https://www.sothebys.com/en/buy/auction/2026/contemporary-day-auction-4,312,I Gusti Ayu Kadek Murniasih 伊・古斯提・阿育・卡德可・穆妮阿緒,Di Carlopesina 來自 Carlopesina,2000,,230 by 50.5 cm.,240000,480000,HKD,True,True,,True,358400,HKD,NotAffected,447793e4-0e23-4aad-a038-9e71670cf805,afe61744-be7b-4c51-ab4a-d0c71e248f52,HK1748,https://www.sothebys.com/en/buy/auction/2026/contemporary-day-auction-4/i-gusti-ayu-kadek-murniasih-yigu-si-tia-yuka-de,https://sothebys-md.brightspotcdn.com/dims4/default/eaa7f31/2147483647/strip/true/crop/450x2000+0+0/resize/1024x4551!/quality/90/?url=http%3A%2F%2Fsothebys-brightspot.s3.amazonaws.com%2Fmedia-desk%2Fwebnative%2Fimages%2F47%2F30%2Fe1c18a5842ee9fce1e46673af626%2Fhk1748-dpdkx-t2-01-cropped.jpg,"I Gusti Ayu Kadek Murniasih
1966 - 2006

Di Carlopesina
acrylic on canvas, in two parts
overall:
230 by 50.5 cm.
90½ by 19⅞ in.
Executed in 2000.

This work is accompanied by a certificate of authenticity issued by Nadi Gallery.

----------------------------------------------

伊・古斯提・阿育・卡德可・穆妮阿緒
1966 - 2006年

來自Carlopesina
壓克力畫布，共兩部分
整體：
230 x 50.5 公分
90½ x 19⅞ 英寸
2000年作

附：Nadi Gallery開立之作品保證書","I Gusti Ayu Kadek Murniasih
1966 - 2006

Di Carlopesina
acrylic on canvas, in two parts
overall:
230 by 50.5 cm.
90½ by 19⅞ in.
Executed in 2000.

This work is accompanied by a certificate of authenticity issued by Nadi Gallery.","Nadi Gallery, Jakarta
Acquired from the above by the present owner
----------------------------------------------
雅加達，Nadi 畫廊
現藏者購自上述來源",,,
Contemporary Day Auction,29 September–5 October 2026 | 3:00 PM HKT | Hong Kong,Past Auction,https://www.sothebys.com/en/buy/auction/2026/contemporary-day-auction-4,311,Pacita Abad 帕西塔 · 阿貝德,Marnay sur le Seine 塞納河畔馬爾奈,2003,acrylic and painted cloth stitched on canvas,241.5 by 178 cm.,650000,1200000,HKD,True,True,,True,1408000,HKD,NotAffected,0aacc187-bfe5-4223-8422-8217a9c5e6b1,afe61744-be7b-4c51-ab4a-d0c71e248f52,HK1748,https://www.sothebys.com/en/buy/auction/2026/contemporary-day-auction-4/pacita-abad-pa-xi-ta-a-bei-de-marnay-sur-seine-sai,https://sothebys-md.brightspotcdn.com/dims4/default/96804a6/2147483647/strip/true/crop/1475x2000+0+0/resize/1024x1388!/quality/90/?url=http%3A%2F%2Fsothebys-brightspot.s3.amazonaws.com%2Fmedia-desk%2Fwebnative%2Fimages%2F3c%2F7c%2F58be1a264854a26013bfd6bed9db%2Fhk1748-dqfqt-cs-06-cropped.jpg,"Pacita Abad
1946 - 2004

Marnay sur le Seine
titled and inscribed (on the reverse)
acrylic and painted cloth stitched on canvas
241.5 by 178 cm.
95 by 70 in.
Executed in 2003.

---------------------------------------------

帕西塔 · 阿貝德
1946 - 2004年

塞納河畔馬爾奈
款識
Marnay sur le Seine（作品背面）
壓克力、著色布，縫於畫布
241.5 x 178 公分
95 x 70 英寸
2003年作","Pacita Abad
1946 - 2004

Marnay sur le Seine
titled and inscribed (on the reverse)
acrylic and painted cloth stitched on canvas
241.5 by 178 cm.
95 by 70 in.
Executed in 2003.","Artist Estate
Sotheby's, Hong Kong, 11 November 2015, Selling Exhibition:
Southeast Asian Abstraction: A New Dialogue,
Lot 1
Acquired from the above by the present owner
----------------------------------------------
藝術家故藏
香港，蘇富比，2015年11月11日，「東南亞抽象藝術： 嶄新對話」展售會，作品編號1
現藏者購自上述來源","Pacita Abad Art Estate,
Textile Collages: Pacita Abad's Painted Textiles, p. 145, illustrated in colour
----------------------------------------------
帕西塔 · 阿貝德遺產基金會，《Textile Collages: Pacita Abad's Painted Textiles》，第145頁，載彩圖","Hong Kong, Sotheby's, Selling Exhibition:
Southeast Asian Abstraction: A New Dialogue, November 2015,
----------------------------------------------
香港，蘇富比，「東南亞抽象藝術： 嶄新對話」展售會，2015年11月",
Contemporary Day Auction,29 September–5 October 2026 | 3:00 PM HKT | Hong Kong,Past Auction,https://www.sothebys.com/en/buy/auction/2026/contemporary-day-auction-4,310,David Hockney 大衛 · 霍克尼,Carribean Tea Time 加勒比海茶時光,1987,,215 by 300 cm.,1200000,3000000,HKD,True,True,,True,3328000,HKD,NotAffected,e0d9aac3-993a-4e58-bb1c-c51ad258d495,afe61744-be7b-4c51-ab4a-d0c71e248f52,HK1748,https://www.sothebys.com/en/buy/auction/2026/contemporary-day-auction-4/david-hockney-da-wei-huo-ke-ni-carribean-tea-time,https://sothebys-md.brightspotcdn.com/dims4/default/a70e75d/2147483647/strip/true/crop/2000x2000+0+0/resize/1024x1024!/quality/90/?url=http%3A%2F%2Fsothebys-brightspot.s3.amazonaws.com%2Fmedia-desk%2Fwebnative%2Fimages%2F91%2F9b%2Fce87b7394ec19bc8bd1c72a05bf9%2Fhk1748-dpftp-t2-01.jpg,"David Hockney
1937 - 2026

Caribbean Tea Time
signed and numbered 25/36 (right panel)
lithograph in colors with paper collage and acrylic on eight sheets of TGL handmade paper, in a double-sided four-panel wood folding screen
overall:
215 by 300 cm.
84⅝ by 118⅛ in.
Executed in 1987, this work is number 25 from an edition of 36, plus 4 artist's proofs.

----------------------------------------------

大衛 · 霍克尼
1937 - 2026年

加勒比海茶時光
款識
David Hockney，25/36（右邊摺屏）
彩色石版印刷、紙張拼貼及壓克力於八張 TGL 手工紙，雙面四扇木製摺疊屏風
整體：
215 x 300 公分
84⅝ x 118⅛ 英寸
1987年作
版數
25/36
此作品共36版，本品為第25版，加上4版藝術家自留版","David Hockney
1937 - 2026

Caribbean Tea Time
signed and numbered 25/36 (right panel)
lithograph in colors with paper collage and acrylic on eight sheets of TGL handmade paper, in a double-sided four-panel wood folding screen
overall:
215 by 300 cm.
84⅝ by 118⅛ in.
Executed in 1987, this work is number 25 from an edition of 36, plus 4 artist's proofs.","Private Collection
Acquired directly from the above by the present owner
----------------------------------------------
私人收藏
現藏者購自上述來源","David Hockney, That’s the Way I See It, London 1993, p. 153, illustrated in color Exh. Cat., Tokyo, Museum of Contemporary Art and Tankosha Publishing Co., Ltd., Pub., David Hockney Prints 1954-1995, 1996, cat. no. 289, p. 160, illustrated in color (illustration of another example)
Marco Livingstone, “David Hockney: Portrait of a Humanist with Artistic Devices,” Art & Design, vol. 4, issue 1/2, 1998, p. 19, illustrated in color (illustration of another example)
----------------------------------------------
大衛·霍克尼著，《That’s the Way I See It》（倫敦，1993年），第153頁，載彩圖 東京，東京都現代美術館及淡交社株式會社出版，《大衛·霍克尼版畫展 1954-1995》展覽圖錄（東京，1996年），編號 289，第160頁，載彩圖（另一版數）
Marco Livingstone撰，〈David Hockney: Portrait of a Humanist with Artistic Devices〉，《Art & Design》，第4卷，第1/2期（1998年），第19頁，載彩圖（另一版數）","Tokyo, Odakyu Grand Gallery; Gunma, The Museum of Modern Art; Chiba, The Seibu Museum and Osaka, Umeda Hankyu Gallery, David Hockney, April - October 1989, cat. no. 66, illustrated in color (another example exhibited)
Tokyo, Museum of Contemporary Art, David Hockney Prints, 1954-1995, October - December 1996, cat. no. 288, p. 160 (another example exhibited)
New York, The Metropolitan Museum of Art, Highlights from the Modern Design Collection: 1900 to the Present, June 2009 - May 2011 (another example exhibited)
----------------------------------------------
東京，小田急大畫廊；群馬，群馬縣立近代美術館；千葉，西武美術館；大阪，梅田阪急畫廊，〈大衛·霍克尼〉，1989年4月至10月，編號 66，載彩圖（另一版數作品參展）
東京，東京都現代美術館，〈大衛·霍克尼版畫展，1954-1995〉，1996年10月至12月，編號 288，第160頁（另一版數作品參展）
紐約，大都會藝術博物館，〈現代設計收藏亮點：1900年至今〉，2009年6月至2011年5月（另一版數作品參展）",
Contemporary Day Auction,29 September–5 October 2026 | 3:00 PM HKT | Hong Kong,Past Auction,https://www.sothebys.com/en/buy/auction/2026/contemporary-day-auction-4,309,Guillaume Dénervaud 吉歐姆 · 德內爾沃,Mr. Miles Adjusts the Filaments of the Lantern 邁爾斯先生調整燈籠的燈絲,2023,"oil, tempera and pencil on linen",186.2 by 115.2 cm.,150000,200000,HKD,True,True,,True,256000,HKD,NotAffected,d6ae5550-5417-48a9-a579-0dfa8ff41056,afe61744-be7b-4c51-ab4a-d0c71e248f52,HK1748,https://www.sothebys.com/en/buy/auction/2026/contemporary-day-auction-4/guillaume-denervaud-ji-ou-mu-de-nei-er-wo-mr-miles,https://sothebys-md.brightspotcdn.com/dims4/default/4b1dfff/2147483647/strip/true/crop/1293x2000+0+0/resize/1024x1584!/quality/90/?url=http%3A%2F%2Fsothebys-brightspot.s3.amazonaws.com%2Fmedia-desk%2Fwebnative%2Fimages%2Fac%2F98%2F9bb9b40e4690b2d84f323d191980%2Fhk1748-dlglf-t3-rx01.jpg,"Guillaume Dénervaud
b. 1987

Mr. Miles Adjusts the Filaments of the Lantern
signed and dated 2023 (on the reverse)
oil, tempera and pencil on linen
186.2 by 115.2 cm.
73¼ by 45⅜ in.
Executed in 2023.

----------------------------------------------

吉歐姆 · 德內爾沃
1987年生

邁爾斯先生調整燈籠的燈絲
款識
Guillaume Dénervaud，2023（作品背面）
油畫、坦培拉及鉛筆亞麻布
186.2 x 115.2 公分
73¼ x 45⅜ 英寸
2023年作","Guillaume Dénervaud
b. 1987

Mr. Miles Adjusts the Filaments of the Lantern
signed and dated 2023 (on the reverse)
oil, tempera and pencil on linen
186.2 by 115.2 cm.
73¼ by 45⅜ in.
Executed in 2023.","Bel Ami, Los Angeles
Private Collection
Acquired from the above by the present owner
----------------------------------------------
洛杉磯，Bel Ami畫廊
私人收藏
現藏者購自上述來源",,"New York, Swiss Institute,
Ozoned Station, September 2023 - January 2024
----------------------------------------------
紐約，Swiss Institute，〈Ozoned Station〉，2023年9月至2024年1月",
Contemporary Day Auction,29 September–5 October 2026 | 3:00 PM HKT | Hong Kong,Past Auction,https://www.sothebys.com/en/buy/auction/2026/contemporary-day-auction-4,308,Yu Nishimura 西村有,Store 商店,2014,oil on canvas,111.9 by 145.5 cm.,200000,400000,HKD,True,True,,True,576000,HKD,NotAffected,29849667-48f0-40c9-9922-22a328810d40,afe61744-be7b-4c51-ab4a-d0c71e248f52,HK1748,https://www.sothebys.com/en/buy/auction/2026/contemporary-day-auction-4/yu-nishimura-xi-cun-you-store-shang-dian,https://sothebys-md.brightspotcdn.com/dims4/default/28f4d85/2147483647/strip/true/crop/2000x1541+0+0/resize/1024x789!/quality/90/?url=http%3A%2F%2Fsothebys-brightspot.s3.amazonaws.com%2Fmedia-desk%2Fwebnative%2Fimages%2F46%2Fd1%2Fac82128d4508bef62833f31dddd8%2Fhk1748-dk6bd-cs-t2-01.jpg,"Yu Nishimura
b. 1982

Store
signed, titled and dated 2014 (on the reverse)
oil on canvas
111.9 by 145.5 cm.
44 by 57¼ in.
Executed in 2014.

----------------------------------------

西村有
1982年生

商店
款識
Yu Nishimura，Store，2014（作品背面）
油畫畫布
111.9 x 145.5 公分
44 x 57¼ 英寸
2014年作","Yu Nishimura
b. 1982

Store
signed, titled and dated 2014 (on the reverse)
oil on canvas
111.9 by 145.5 cm.
44 by 57¼ in.
Executed in 2014.","KAYOKOYUKI, Tokyo
Acquired from the above by the present owner
----------------------------------------
東京，KAYOKOYUKI畫廊
現藏者購自上述來源",,,
Contemporary Day Auction,29 September–5 October 2026 | 3:00 PM HKT | Hong Kong,Past Auction,https://www.sothebys.com/en/buy/auction/2026/contemporary-day-auction-4,307,Izumi Kato 加藤泉,Untitled 無題,2019,,103 by 65.5 cm.,600000,1200000,HKD,True,True,,True,1792000,HKD,NotAffected,4f104f20-5800-41da-9a6f-b2ab2bd6d65a,afe61744-be7b-4c51-ab4a-d0c71e248f52,HK1748,https://www.sothebys.com/en/buy/auction/2026/contemporary-day-auction-4/izumi-kato-jia-teng-quan-untitled-wu-ti,https://sothebys-md.brightspotcdn.com/dims4/default/640589c/2147483647/strip/true/crop/1272x2000+0+0/resize/1024x1610!/quality/90/?url=http%3A%2F%2Fsothebys-brightspot.s3.amazonaws.com%2Fmedia-desk%2Fwebnative%2Fimages%2F2d%2F43%2F5f77ded444cbbcfe9b24f703b4b3%2Fhk1748-dmq4l-t2-01-cropped.jpg,"Izumi Kato
b. 1969

Untitled
signed and dated 2019 (on the reverse)
oil on canvas, in two parts
overall:
103 by 65.5 cm.
40½ by 25¾ in.
Executed in 2019.

----------------------------------------------

加藤泉
1969年生

無題
款識
藝術家簽名，2019（作品背面）
油畫畫布，共兩部分
整體：
103 x 65.5 公分
40½ x 25¾ 英寸
2019年作","Izumi Kato
b. 1969

Untitled
signed and dated 2019 (on the reverse)
oil on canvas, in two parts
overall:
103 by 65.5 cm.
40½ by 25¾ in.
Executed in 2019.","The Artist
Galerie Perrotin, Paris
Acquired directly from the above by the present owner
----------------------------------------------
藝術家
巴黎，貝浩登畫廊
現藏者直接購自上述來源",,,
Contemporary Day Auction,29 September–5 October 2026 | 3:00 PM HKT | Hong Kong,Past Auction,https://www.sothebys.com/en/buy/auction/2026/contemporary-day-auction-4,306,Atsushi Kaga 加賀溫,Fishes are falling from the sky I thought it was just a lockdown (Tony O’Malley on a donkey) (After Jakuchu) 魚從天而降—我以為只是封城（托尼·奧馬利騎驢）,2020,acrylic on canvas,90 by 90 cm.,500000,800000,HKD,True,True,,True,1856000,HKD,NotAffected,302bad9d-2da0-4001-9c73-06dc7774ee6e,afe61744-be7b-4c51-ab4a-d0c71e248f52,HK1748,https://www.sothebys.com/en/buy/auction/2026/contemporary-day-auction-4/atsushi-kaga-jia-he-wen-fishes-are-falling-from,https://sothebys-md.brightspotcdn.com/dims4/default/f71fe00/2147483647/strip/true/crop/6454x6454+0+0/resize/1024x1024!/quality/90/?url=http%3A%2F%2Fsothebys-brightspot.s3.amazonaws.com%2Fmedia-desk%2Feb%2Fcf%2F5884872f436191b43613adb90a28%2Fhk1748-dnp7t-t2-01-cropped.jpg,"Atsushi Kaga
b. 1978

Fishes are falling from the sky I thought it was just a lockdown (Tony O’Malley on a donkey) (After Jakuchu)
signed, titled and dated 2020 (on the reverse)
acrylic on canvas
90 by 90 cm.
35⅜ by 35⅜ in.
Executed in 2020.

----------------------------------------------

加賀溫
1978年生

魚從天而降—我以為只是封城（托尼·奧馬利騎驢）
款識
Atsushi，Fishes are falling from the sky I thought it was just a lockdown (Tony O’Malley on a donkey) (After Jakuchu)，2020（作品背面）
壓克力畫布
90 x 90 公分
35⅜ x 35⅜ 英寸
2020年作","Atsushi Kaga
b. 1978

Fishes are falling from the sky I thought it was just a lockdown (Tony O’Malley on a donkey) (After Jakuchu)
signed, titled and dated 2020 (on the reverse)
acrylic on canvas
90 by 90 cm.
35⅜ by 35⅜ in.
Executed in 2020.","Maho Kubota Gallery, Tokyo
Acquired from the above by the present owner
----------------------------------------------
東京，Maho Kubota 畫廊
現藏者購自上述來源",,,
Contemporary Day Auction,29 September–5 October 2026 | 3:00 PM HKT | Hong Kong,Past Auction,https://www.sothebys.com/en/buy/auction/2026/contemporary-day-auction-4,305,Kohei Nawa 名和晃平,PixCell - Deer PIXCELL 系列－鹿,2007,,overall: 119 by 73.5 by 70 cm.,2200000,4000000,HKD,True,True,,True,4352000,HKD,NotAffected,8b463d9b-7214-4188-8c49-25a2015aeff8,afe61744-be7b-4c51-ab4a-d0c71e248f52,HK1748,https://www.sothebys.com/en/buy/auction/2026/contemporary-day-auction-4/kohei-nawa-ming-he-huang-ping-pixcell-deer-pixcell,https://sothebys-md.brightspotcdn.com/dims4/default/f5d91ae/2147483647/strip/true/crop/2000x2000+0+0/resize/1024x1024!/quality/90/?url=http%3A%2F%2Fsothebys-brightspot.s3.amazonaws.com%2Fmedia-desk%2Fwebnative%2Fimages%2Fa0%2F38%2F2684e92e43aeb47a0f342b032302%2Fhk1748-dnnlr-cs-02.jpg,"Kohei Nawa
b. 1975

PixCell - Deer
mixed media and glass beads
overall: 119 by 73.5 by 70 cm.
46⅞ by 28⅞ by 27½ in.
Executed in 2007.

----------------------------------------------

名和晃平
1975年生

PIXCELL 系列－鹿
複合媒材玻璃珠
整體：119 x 73.5 x 70 公分
46⅞ x 28⅞ x 27½ 英寸
2007年作","Kohei Nawa
b. 1975

PixCell - Deer
mixed media and glass beads
overall: 119 by 73.5 by 70 cm.
46⅞ by 28⅞ by 27½ in.
Executed in 2007.","SCAI the Bathhouse, Tokyo
Acquired from the above by the present owner
----------------------------------------------
東京，SCAI The Bathhouse 畫廊
現藏者購自上述來源",,,
Contemporary Day Auction,29 September–5 October 2026 | 3:00 PM HKT | Hong Kong,Past Auction,https://www.sothebys.com/en/buy/auction/2026/contemporary-day-auction-4,304,Zhang Ruyi 張如怡,Individual Plant 10 一株#10,2018,,48.5 by 31.2 by 20.5 cm.,90000,150000,HKD,True,False,,True,108800,HKD,NotAffected,d0f7f540-6df8-4f90-8307-448c3eb84888,afe61744-be7b-4c51-ab4a-d0c71e248f52,HK1748,https://www.sothebys.com/en/buy/auction/2026/contemporary-day-auction-4/zhang-ruyi-zhang-ru-yi-individual-plant-10-yi-zhu,https://sothebys-md.brightspotcdn.com/dims4/default/4886f52/2147483647/strip/true/crop/2000x2000+0+0/resize/1024x1024!/quality/90/?url=http%3A%2F%2Fsothebys-brightspot.s3.amazonaws.com%2Fmedia-desk%2Fwebnative%2Fimages%2F2a%2F67%2Fd95a5fa64376b67d72e9e64f901f%2Fhk1748-dqgdw-t3-01.jpg,"Zhang Ruyi
b. 1985

Individual Plant 10
concrete, pigment, ceramic tiles, wood panel, metal, in two parts
overall:
48.5 by 31.2 by 20.5 cm.
19⅛ by 12¼ by 8 in.
Executed in 2018.

----------------------------------------------

張如怡
1985年生

一株#10
混凝土、顏料、磁磚、木板、金屬，共兩部分
整體：
48.5 x 31.2 x 20.5 公分
19⅛ x 12¼ x 8 英寸
2018年作","Zhang Ruyi
b. 1985

Individual Plant 10
concrete, pigment, ceramic tiles, wood panel, metal, in two parts
overall:
48.5 by 31.2 by 20.5 cm.
19⅛ by 12¼ by 8 in.
Executed in 2018.","Pace Gallery, Hong Kong
Acquired from the above by the present owner
----------------------------------------------
香港，佩斯畫廊
現藏者購自上述來源",,"Palo Alto, Pace Gallery,
Metal, Wood, Water, Fire and Earth, July - August 2021
----------------------------------------------
帕洛阿爾托，佩斯畫廊，⟨ 金、木、水、火、土⟩，2021年7月至8月",
Contemporary Day Auction,29 September–5 October 2026 | 3:00 PM HKT | Hong Kong,Past Auction,https://www.sothebys.com/en/buy/auction/2026/contemporary-day-auction-4,303,Yu Ji 于吉,Flesh in Stone 5 石肉 5,2014,,66 by 25.5 by 31.5 cm.,150000,250000,HKD,True,False,,True,166400,HKD,NotAffected,28d450df-5dd6-4138-b500-c0dc3e63dd87,afe61744-be7b-4c51-ab4a-d0c71e248f52,HK1748,https://www.sothebys.com/en/buy/auction/2026/contemporary-day-auction-4/yu-ji-yu-ji-flesh-in-stone-5-shi-rou-5,https://sothebys-md.brightspotcdn.com/dims4/default/08d0132/2147483647/strip/true/crop/2000x2000+0+0/resize/1024x1024!/quality/90/?url=http%3A%2F%2Fsothebys-brightspot.s3.amazonaws.com%2Fmedia-desk%2Fwebnative%2Fimages%2F81%2F86%2Feb744aae4989b5d4f2c538b060ce%2Fhk1748-dnwlb-t3-01.jpg,"Yu Ji
b. 1985

Flesh in Stone 5
cement and iron sculpture
66 by 25.5 by 31.5 cm.
26 by 10 by 12⅜ in.
Executed in 2014, this work is number 1 from an edition of 4.

This work is accompanied by a certificate of authenticity signed by the artist.

----------------------------------------------

于吉
1985年生

石肉5
水泥及鐵雕塑
66 x 25.5 x 31.5 公分
26 x 10 x 12⅜ 英寸
2014年作
版數
1/4
此作品共4版，本品為第1版

附： 藝術家簽名之作品保證書。","Yu Ji
b. 1985

Flesh in Stone 5
cement and iron sculpture
66 by 25.5 by 31.5 cm.
26 by 10 by 12⅜ in.
Executed in 2014, this work is number 1 from an edition of 4.

This work is accompanied by a certificate of authenticity signed by the artist.","C-Space Gallery, Beijing
Acquired from the above by the present owner
----------------------------------------------
北京，C空間
現藏者購自上述來源",,"Beijing, C-Space,
Never Left Behind, March - May 2014, n.p., illustrated in colour
Irvine, Orange County Museum of Art,
Yu Ji: A Guest, A Host, A Ghost, June - October 2023 (another edition)
----------------------------------------------
北京，C空間，〈念念不忘〉，2014年3月至5月，無頁數，載彩圖
爾灣，橙縣美術館，〈于吉：一客、一主、一幽靈〉，2023年6月至10月（另一版數）",
Contemporary Day Auction,29 September–5 October 2026 | 3:00 PM HKT | Hong Kong,Past Auction,https://www.sothebys.com/en/buy/auction/2026/contemporary-day-auction-4,302,Hu Xiaoyuan 胡曉媛,Antbone No. 3 蟻骨3號,2015,"pine, Chinese ink, silk, steel, and iron nails",140 by 160 by 19.5 cm.,240000,500000,HKD,True,False,,True,281600,HKD,NotAffected,867c45ee-8f29-4eb5-b368-85c8e8f86b87,afe61744-be7b-4c51-ab4a-d0c71e248f52,HK1748,https://www.sothebys.com/en/buy/auction/2026/contemporary-day-auction-4/hu-xiaoyuan-hu-xiao-yuan-antbone-no-3-yi-gu3hao,https://sothebys-md.brightspotcdn.com/dims4/default/610d6bb/2147483647/strip/true/crop/2000x2000+0+0/resize/1024x1024!/quality/90/?url=http%3A%2F%2Fsothebys-brightspot.s3.amazonaws.com%2Fmedia-desk%2Fwebnative%2Fimages%2Fbc%2Fc8%2F13066d8948e79a7d97d6eabefa3a%2Fhk1748-dpmym-t2-01.jpg,"Hu Xiaoyuan
b. 1977

Antbone No. 3
signed and dated 2015 in Chinese (near bottom of wood)
pine, Chinese ink, silk, steel, and iron nails
140 by 160 by 19.5 cm.
55⅛ by 63 by 7⅝ in.
Executed in 2015.

----------------------------------------------

胡曉媛
1977年生

蟻骨3號
款識
胡曉媛，二零一五（作品下部）
木，水墨、綃、鐵及鐵釘
140 x 160 x 19.5 公分
55⅛ x 63 x 7⅝ 英寸
2015年作","Hu Xiaoyuan
b. 1977

Antbone No. 3
signed and dated 2015 in Chinese (near bottom of wood)
pine, Chinese ink, silk, steel, and iron nails
140 by 160 by 19.5 cm.
55⅛ by 63 by 7⅝ in.
Executed in 2015.","Beijing Commune, Beijing
Acquired from the above by the present owner
----------------------------------------------
北京，北京公社
現藏者購自上述來源",,,
Contemporary Day Auction,29 September–5 October 2026 | 3:00 PM HKT | Hong Kong,Past Auction,https://www.sothebys.com/en/buy/auction/2026/contemporary-day-auction-4,301,Duan Jianyu 段建宇,Untitled 無題,,,,150000,250000,HKD,True,True,,True,409600,HKD,NotAffected,1c25e832-5965-4f56-aeac-39dbc89d49ee,afe61744-be7b-4c51-ab4a-d0c71e248f52,HK1748,https://www.sothebys.com/en/buy/auction/2026/contemporary-day-auction-4/duan-jianyu-duan-jian-yu-untitled-wu-ti,https://sothebys-md.brightspotcdn.com/dims4/default/caa0a76/2147483647/strip/true/crop/9417x6791+0+0/resize/1024x738!/quality/90/?url=http%3A%2F%2Fsothebys-brightspot.s3.amazonaws.com%2Fmedia-desk%2F3b%2Fb4%2Fe4bc78b14ad098e061cb26a467e5%2Fhk1748-main-dp3j2-t3-01.jpg,,,,,,
